DNS,Domain,AvgTime,MedianTime,MinTime,MaxTime,StdDev,ValidTries,FailedTries
Google IPv4,google.com,43.8,32,29,93,27.598913022073894,5,0
Google IPv4,youtube.com,30.8,31,30,32,0.8366600265340756,5,0
Google IPv4,facebook.com,33.0,33,31,34,1.224744871391589,5,0
Google IPv4,amazon.com,30.0,30,29,31,0.7071067811865476,5,0
Google IPv4,wikipedia.org,32.6,33,31,34,1.140175425099138,5,0
Google IPv4,apple.com,31.2,31,30,33,1.3038404810405297,5,0
Google IPv4,microsoft.com,31.8,32,30,33,1.3038404810405297,5,0
Google IPv4,instagram.com,33.4,33,31,37,2.6076809620810595,5,0
Google IPv4,linkedin.com,35.8,35,30,41,4.658325879540846,5,0
Google IPv4,bing.com,31.0,31,30,32,1.0,5,0
Google IPv4,reddit.com,30.8,31,30,32,0.8366600265340756,5,0
Google IPv4,netflix.com,35.6,36,33,38,1.816590212458495,5,0
Google IPv4,spotify.com,32.2,31,31,37,2.6832815729997477,5,0
Google IPv4,quora.com,30.8,31,30,32,0.8366600265340756,5,0
Google IPv4,twitch.tv,30.8,31,29,33,1.4832396974191326,5,0
Google IPv4,zoom.us,45.0,33,31,94,27.4135003237456,5,0
Google IPv4,nytimes.com,31.0,31,30,32,1.0,5,0
Google IPv4,bbc.com,30.6,31,29,32,1.140175425099138,5,0
Google IPv4,espn.com,35.0,35,31,38,2.5495097567963922,5,0
Google IPv4,whatsapp.com,32.0,32,30,33,1.224744871391589,5,0
Google IPv4,twitter.com,30.2,30,29,32,1.3038404810405297,5,0
Google IPv4,tiktok.com,115.4,123,29,171,58.04136456011351,5,0
Google IPv4,pinterest.com,31.0,31,29,33,2.0,5,0
Google IPv4,ebay.com,30.6,31,29,31,0.8944271909999159,5,0
Google IPv4,imdb.com,31.2,31,29,34,2.280350850198276,5,0
Google IPv4,cnn.com,32.2,32,31,34,1.0954451150103321,5,0
Google IPv4,paypal.com,31.0,30,30,33,1.4142135623730951,5,0
Google IPv4,booking.com,63.2,35,31,154,52.41373865695902,5,0
Google IPv4,weather.com,171.4,168,90,264,61.73167744359455,5,0
Google IPv4,wordpress.com,31.0,30,30,33,1.4142135623730951,5,0
Google IPv4,airbnb.com,32.2,32,31,35,1.6431676725154984,5,0
Google IPv4,tumblr.com,31.6,30,29,37,3.4351128074635335,5,0
Google IPv4,github.com,32.6,33,29,34,2.073644135332772,5,0
Google IPv4,gitlab.com,34.2,33,31,39,3.03315017762062,5,0
Google IPv4,stackoverflow.com,33.2,35,29,36,3.03315017762062,5,0
Google IPv4,docker.com,30.8,30,30,33,1.3038404810405297,5,0
Google IPv4,pypi.org,30.2,30,29,32,1.0954451150103321,5,0
Google IPv4,files.pythonhosted.org,54.0,58,31,64,13.133925536563698,5,0
Google IPv4,npmjs.com,33.4,34,31,36,2.3021728866442674,5,0
Google IPv4,registry.npmjs.org,32.6,32,30,35,1.949358868961793,5,0
Google IPv4,rubygems.org,76.4,30,29,262,103.75596368402155,5,0
Google IPv4,repo.maven.apache.org,31.4,32,30,33,1.3416407864998738,5,0
Google IPv4,cran.r-project.org,31.4,31,30,33,1.140175425099138,5,0
Google IPv4,bitbucket.org,34.4,35,32,36,1.51657508881031,5,0
Google IPv4,sourceforge.net,29.8,30,26,32,2.4899799195977463,5,0
Google IPv4,dev.to,33.4,33,31,37,2.3021728866442674,5,0
Google IPv4,jetbrains.com,34.2,34,30,39,3.492849839314596,5,0
Google IPv4,readthedocs.io,30.4,30,29,32,1.140175425099138,5,0
Google IPv4,godoc.org,32.2,32,30,34,1.4832396974191326,5,0
Google IPv4,anaconda.org,32.8,34,31,34,1.6431676725154984,5,0
Google IPv4,registry.terraform.io,33.8,33,31,38,2.588435821108957,5,0
Google IPv4,grafana.com,29.2,29,28,30,0.8366600265340756,5,0
Google IPv4,prometheus.io,31.4,30,30,35,2.1908902300206643,5,0
Google IPv4,circleci.com,40.4,34,31,64,13.758633653092156,5,0
Google IPv4,travis-ci.com,33.2,33,29,36,2.9495762407505253,5,0
Google IPv4,cloudflare.com,34.0,34,30,38,3.1622776601683795,5,0
Google IPv4,cdn.cloudflare.net,29.0,30,25,30,2.23606797749979,5,0
Google IPv4,one.one.one.one,32.0,31,30,37,2.8284271247461903,5,0
Google IPv4,dns.google,30.2,30,28,32,1.7888543819998317,5,0
Google IPv4,cloudfront.net,31.4,32,30,32,0.8944271909999159,5,0
Google IPv4,fastly.net,29.8,30,26,32,2.280350850198276,5,0
Google IPv4,akamai.net,31.4,31,31,32,0.5477225575051661,5,0
Google IPv4,edgesuite.net,30.4,31,29,32,1.3416407864998738,5,0
Google IPv4,opendns.com,31.0,31,29,33,1.5811388300841898,5,0
Google IPv4,quad9.net,29.4,30,26,32,2.4083189157584592,5,0
Google IPv4,adguard.com,31.0,32,27,33,2.5495097567963922,5,0
Google IPv4,nextdns.io,34.6,34,32,37,2.3021728866442674,5,0
Google IPv4,cleanbrowsing.org,68.0,92,30,93,33.7860918130523,5,0
Google IPv4,verisign.com,32.2,31,30,36,2.3874672772626644,5,0
Google IPv4,resolver.arpa,31.0,30,27,36,3.3166247903554,5,0
Google IPv4,ultradns.com,41.2,33,27,59,15.073154945133417,5,0
Google IPv4,nsone.net,45.0,50,28,66,16.278820596099706,5,0
Google IPv4,level3.com,121.6,34,31,256,122.2387009093274,5,0
Google IPv4,resolv.conf,32.0,33,30,34,1.8708286933869707,5,0
Google IPv4,akamaihd.net,32.4,32,31,35,1.6733200530681511,5,0
Google IPv4,akamai.com,44.4,32,30,91,26.17823523463719,5,0
Google IPv4,edgekey.net,31.6,31,30,34,1.51657508881031,5,0
Google IPv4,dns.adguard-dns.com,33.0,32,30,40,4.123105625617661,5,0
Google IPv4,cachefly.net,90.8,32,26,184,83.30186072351566,5,0
Google IPv4,stackpathdns.com,32.2,32,30,34,1.7888543819998317,5,0
Google IPv4,zenedge.net,32.2,32,30,36,2.280350850198276,5,0
Google IPv4,he.net,30.8,30,29,34,1.9235384061671346,5,0
Google IPv4,baidu.com,29.8,30,29,31,0.8366600265340756,5,0
Google IPv4,yandex.ru,30.4,30,30,31,0.5477225575051661,5,0
Google IPv4,naver.com,32.8,32,31,37,2.4899799195977463,5,0
Google IPv4,jio.com,30.6,30,29,32,1.3416407864998738,5,0
Google IPv4,nic.in,33.0,31,29,39,4.301162633521313,5,0
Google IPv4,gov.uk,105.8,87,79,144,32.782617345172426,5,0
Google IPv4,zone.ug,31.0,31,28,35,2.5495097567963922,5,0
Google IPv4,nic.coop,30.4,31,29,31,0.8944271909999159,5,0
Google IPv4,cern.ch,31.6,31,31,34,1.3416407864998738,5,0
Google IPv4,nic.cl,32.2,30,29,40,4.494441010848846,5,0
Google IPv4,nic.br,440.2,407,197,648,180.72548243122773,5,0
Google IPv4,nic.cn,55.8,31,26,160,58.29408203239845,5,0
Google IPv4,nic.ru,31.6,31,30,33,1.3416407864998738,5,0
Google IPv4,nic.af,32.2,32,30,34,1.4832396974191326,5,0
Google IPv4,nic.ng,31.4,32,30,33,1.3416407864998738,5,0
Google IPv4,sina.com.cn,586.2,532,308,1163,342.7129994616487,5,0
Google IPv4,mail.ru,107.6,31,29,417,172.96184550356764,5,0
Google IPv4,globo.com,31.0,30,30,35,2.23606797749979,5,0
Google IPv4,sapo.pt,175.2,32,30,392,197.00050761355922,5,0
Google IPv4,or.kr,29.2,30,26,31,1.9235384061671346,5,0
Google IPv4,nic.or.kr,61.0,32,30,174,63.221831672294975,5,0
Google IPv4,telstra.com.au,42.4,31,26,93,28.37780823108085,5,0
Google IPv4,rogers.com,111.4,94,30,307,113.9311195415897,5,0
Google IPv4,ntt.com,90.0,36,30,179,79.01582120056717,5,0
Google IPv4,bell.ca,29.0,29,26,31,1.8708286933869707,5,0
Google IPv4,kpn.com,448.6,380,379,723,153.39589303498317,5,0
Google IPv4,proximus.be,31.0,31,30,32,0.7071067811865476,5,0
Google IPv4,example.net,31.6,32,30,33,1.140175425099138,5,0
Google IPv4,example.edu,80.2,32,31,272,107.2249970855677,5,0
Google IPv4,iana.org,29.8,30,27,32,1.7888543819998317,5,0
Google IPv4,blackhole.webpagetest.org,31.8,32,30,35,2.04939015319192,5,0
Google IPv4,test-ipv6.com,115.0,34,30,314,125.27569596693526,5,0
Google IPv4,test.openresolver.com,33.4,33,30,37,3.0495901363953815,5,0
Google IPv4,whoami.akamai.net,30.2,30,30,31,0.4472135954999579,5,0
Google IPv4,myip.opendns.com,30.4,30,29,32,1.140175425099138,5,0
Google IPv4,root-servers.net,84.0,93,32,163,53.842362503887216,5,0
Google IPv4,ip6.nl,31.2,31,30,33,1.3038404810405297,5,0
Google IPv4,openstreetmap.fr,31.4,32,29,33,1.51657508881031,5,0
Google IPv4,torproject.org,30.8,31,29,32,1.3038404810405297,5,0
Google IPv4,xip.io,55.8,33,32,92,32.1434285663493,5,0
Google IPv4,plan99.net,31.4,31,30,33,1.51657508881031,5,0
Google IPv4,dnscrypt.info,319.8,31,29,1477,646.8954320444689,5,0
Google IPv4,dnspython.org,50.0,36,32,96,26.90724809414742,5,0
Google IPv4,publicsuffix.org,29.4,30,25,31,2.5099800796022267,5,0
Google IPv4,openwrt.org,32.2,33,31,33,1.0954451150103321,5,0
Google IPv4,nlnetlabs.nl,34.2,34,30,38,3.03315017762062,5,0
Google IPv4,labnbook.com,38.4,37,35,44,3.4351128074635335,5,0
Google IPv4,archive.org,32.8,32,29,37,3.5637059362410923,5,0
Google IPv4,dl.acm.org,33.8,32,31,39,3.5637059362410923,5,0
Google IPv4,nvlpubs.nist.gov,37.8,30,25,72,19.29248558377069,5,0
Google IPv4,eprints.soton.ac.uk,31.8,30,29,39,4.207136793592526,5,0
Google IPv4,rsdn.org,121.0,32,30,480,200.6913052426537,5,0
Google IPv4,dnscheck.tools,33.2,31,30,42,5.06951674225463,5,0
Google IPv4,dnsleaktest.com,98.4,30,30,371,152.3886478711587,5,0
Google IPv4,checkmydns.net,32.4,33,31,33,0.8944271909999159,5,0
Google IPv4,ipinfo.io,30.0,31,25,33,3.1622776601683795,5,0
Google IPv4,whatismyip.akamai.com,35.4,34,30,42,5.366563145999495,5,0
Google IPv4,trace.test,32.0,31,30,38,3.391164991562634,5,0
Google IPv4,cloudping.info,31.6,31,30,34,1.816590212458495,5,0
Google IPv4,speed.cloudflare.com,34.2,32,30,39,4.024922359499621,5,0
Google IPv4,bgp.he.net,30.0,30,29,31,0.7071067811865476,5,0
Google IPv4,ping.pe,34.6,35,32,37,2.073644135332772,5,0
Google IPv4,ping.eu,32.2,32,31,33,0.8366600265340756,5,0
Google IPv4,root-servers.org,30.8,31,30,32,0.8366600265340756,5,0
Google IPv4,a.root-servers.net,32.4,32,32,34,0.8944271909999159,5,0
Google IPv4,l.root-servers.net,50.4,34,33,112,34.5586458068021,5,0
Google IPv4,iana.com,30.8,30,29,34,1.9235384061671346,5,0
Google IPv4,int,80.6,31,30,272,107.05746120658756,5,0
Google IPv4,arpa,32.8,32,31,38,2.9495762407505253,5,0
Google IPv4,whois.iana.org,277.8,270,269,310,18.019433953373785,5,0
Google IPv4,tld-list.com,35.8,36,30,41,4.43846820423443,5,0
Google IPv6,google.com,31.8,32,31,32,0.4472135954999579,5,0
Google IPv6,youtube.com,32.8,33,30,35,1.7888543819998317,5,0
Google IPv6,facebook.com,39.8,36,34,57,9.67987603226405,5,0
Google IPv6,amazon.com,31.2,31,30,32,0.8366600265340756,5,0
Google IPv6,wikipedia.org,32.2,32,31,33,0.8366600265340756,5,0
Google IPv6,apple.com,33.4,32,32,39,3.1304951684997055,5,0
Google IPv6,microsoft.com,33.2,33,32,35,1.0954451150103321,5,0
Google IPv6,instagram.com,36.4,38,31,40,3.507135583350036,5,0
Google IPv6,linkedin.com,32.0,32,30,34,1.5811388300841898,5,0
Google IPv6,bing.com,32.0,32,31,33,0.7071067811865476,5,0
Google IPv6,reddit.com,32.6,32,31,35,1.51657508881031,5,0
Google IPv6,netflix.com,34.6,35,31,37,2.6076809620810595,5,0
Google IPv6,spotify.com,33.0,33,32,34,0.7071067811865476,5,0
Google IPv6,quora.com,35.2,36,32,39,2.7748873851023217,5,0
Google IPv6,twitch.tv,33.0,33,32,34,0.7071067811865476,5,0
Google IPv6,zoom.us,33.8,34,31,36,1.7888543819998317,5,0
Google IPv6,nytimes.com,34.0,34,32,36,1.5811388300841898,5,0
Google IPv6,bbc.com,44.6,33,31,95,28.192197502145874,5,0
Google IPv6,espn.com,48.8,37,37,96,26.385602134497518,5,0
Google IPv6,whatsapp.com,34.4,34,34,35,0.5477225575051661,5,0
Google IPv6,twitter.com,32.0,32,31,33,0.7071067811865476,5,0
Google IPv6,tiktok.com,103.2,94,31,169,51.1634635262313,5,0
Google IPv6,pinterest.com,34.0,33,33,36,1.4142135623730951,5,0
Google IPv6,ebay.com,31.4,31,29,34,1.816590212458495,5,0
Google IPv6,imdb.com,32.2,32,32,33,0.4472135954999579,5,0
Google IPv6,cnn.com,36.8,36,32,40,3.3466401061363023,5,0
Google IPv6,paypal.com,33.4,33,32,35,1.140175425099138,5,0
Google IPv6,booking.com,36.6,38,32,40,3.1304951684997055,5,0
Google IPv6,weather.com,220.2,254,33,388,131.76380383094593,5,0
Google IPv6,wordpress.com,31.8,32,31,33,0.8366600265340756,5,0
Google IPv6,airbnb.com,38.4,35,32,54,9.016651263079881,5,0
Google IPv6,tumblr.com,32.6,32,32,35,1.3416407864998738,5,0
Google IPv6,github.com,90.2,36,33,310,122.88693990819367,5,0
Google IPv6,gitlab.com,34.0,34,33,36,1.224744871391589,5,0
Google IPv6,stackoverflow.com,33.0,32,31,36,2.0,5,0
Google IPv6,docker.com,33.0,33,31,34,1.224744871391589,5,0
Google IPv6,pypi.org,31.6,32,31,32,0.5477225575051661,5,0
Google IPv6,files.pythonhosted.org,56.2,59,31,72,15.12283042290695,5,0
Google IPv6,npmjs.com,34.6,34,33,37,1.816590212458495,5,0
Google IPv6,registry.npmjs.org,34.2,34,33,37,1.6431676725154984,5,0
Google IPv6,rubygems.org,247.6,262,188,278,35.1965907439911,5,0
Google IPv6,repo.maven.apache.org,44.0,34,32,61,14.64581851587681,5,0
Google IPv6,cran.r-project.org,248.8,33,31,1112,482.54554189216174,5,0
Google IPv6,bitbucket.org,36.2,35,34,39,2.16794833886788,5,0
Google IPv6,sourceforge.net,33.6,34,31,36,2.073644135332772,5,0
Google IPv6,dev.to,33.6,33,33,35,0.8944271909999159,5,0
Google IPv6,jetbrains.com,36.2,36,34,38,1.7888543819998317,5,0
Google IPv6,readthedocs.io,33.0,32,31,36,2.345207879911715,5,0
Google IPv6,godoc.org,33.6,33,33,35,0.8944271909999159,5,0
Google IPv6,anaconda.org,35.2,34,32,40,3.63318042491699,5,0
Google IPv6,registry.terraform.io,37.8,40,33,40,3.1937438845342623,5,0
Google IPv6,grafana.com,32.0,32,31,33,1.0,5,0
Google IPv6,prometheus.io,34.2,35,32,36,1.6431676725154984,5,0
Google IPv6,circleci.com,35.4,36,32,40,3.1304951684997055,5,0
Google IPv6,travis-ci.com,36.2,35,32,43,4.764451699828638,5,0
Google IPv6,cloudflare.com,34.6,36,31,37,2.8809720581775866,5,0
Google IPv6,cdn.cloudflare.net,32.4,33,31,33,0.8944271909999159,5,0
Google IPv6,one.one.one.one,32.2,32,31,34,1.0954451150103321,5,0
Google IPv6,dns.google,31.4,31,30,34,1.51657508881031,5,0
Google IPv6,cloudfront.net,34.8,33,32,38,2.9495762407505253,5,0
Google IPv6,fastly.net,33.0,33,32,34,1.0,5,0
Google IPv6,akamai.net,52.2,33,32,130,43.49942528355978,5,0
Google IPv6,edgesuite.net,83.4,93,33,161,53.33666656250651,5,0
Google IPv6,opendns.com,44.8,33,32,93,26.957373759326035,5,0
Google IPv6,quad9.net,32.4,32,31,34,1.140175425099138,5,0
Google IPv6,adguard.com,34.4,33,33,38,2.1908902300206643,5,0
Google IPv6,nextdns.io,33.0,33,31,36,1.8708286933869707,5,0
Google IPv6,cleanbrowsing.org,82.8,95,33,96,27.85139134765084,5,0
Google IPv6,verisign.com,31.6,32,30,33,1.140175425099138,5,0
Google IPv6,resolver.arpa,32.2,32,30,35,1.9235384061671346,5,0
Google IPv6,ultradns.com,43.8,34,30,63,15.433729296576379,5,0
Google IPv6,nsone.net,52.8,53,31,95,25.926820090400597,5,0
Google IPv6,level3.com,193.0,259,31,323,149.62453007445004,5,0
Google IPv6,resolv.conf,32.4,33,31,33,0.8944271909999159,5,0
Google IPv6,akamaihd.net,69.2,92,32,96,33.53654722835969,5,0
Google IPv6,akamai.com,69.4,93,32,96,34.158454297582026,5,0
Google IPv6,edgekey.net,63.4,35,31,125,43.16016682080828,5,0
Google IPv6,dns.adguard-dns.com,32.8,33,31,35,1.4832396974191326,5,0
Google IPv6,cachefly.net,32.6,32,32,34,0.8944271909999159,5,0
Google IPv6,stackpathdns.com,37.2,38,31,41,4.266145801540309,5,0
Google IPv6,zenedge.net,31.8,32,31,32,0.4472135954999579,5,0
Google IPv6,he.net,32.0,32,31,33,1.0,5,0
Google IPv6,baidu.com,31.6,32,30,33,1.140175425099138,5,0
Google IPv6,yandex.ru,32.4,32,30,35,1.816590212458495,5,0
Google IPv6,naver.com,45.2,34,31,94,27.325811973297334,5,0
Google IPv6,jio.com,32.2,32,30,35,1.9235384061671346,5,0
Google IPv6,nic.in,35.0,34,32,40,3.0,5,0
Google IPv6,gov.uk,129.0,78,72,335,115.22369547970591,5,0
Google IPv6,zone.ug,32.8,33,31,34,1.3038404810405297,5,0
Google IPv6,nic.coop,34.0,33,31,39,3.0,5,0
Google IPv6,cern.ch,107.6,34,33,403,165.1357017728147,5,0
Google IPv6,nic.cl,101.6,34,33,373,151.71783019803573,5,0
Google IPv6,nic.br,562.8,595,436,651,90.97637055851371,5,0
Google IPv6,nic.cn,70.0,33,32,158,55.906171394578614,5,0
Google IPv6,nic.ru,187.0,33,31,421,212.24631916714128,5,0
Google IPv6,nic.af,31.6,31,31,33,0.8944271909999159,5,0
Google IPv6,nic.ng,33.8,33,33,35,1.0954451150103321,5,0
Google IPv6,sina.com.cn,262.6,307,32,589,235.11975671984692,5,0
Google IPv6,mail.ru,32.4,31,30,37,2.792848008753788,5,0
Google IPv6,globo.com,149.8,31,30,624,265.08809856347756,5,0
Google IPv6,sapo.pt,104.2,32,31,393,161.44565649158852,5,0
Google IPv6,or.kr,91.2,40,31,198,79.41473414927485,5,0
Google IPv6,nic.or.kr,65.4,34,33,184,66.4326726844555,5,0
Google IPv6,telstra.com.au,75.0,35,32,178,63.84747449977955,5,0
Google IPv6,rogers.com,110.0,96,94,170,33.555923471125034,5,0
Google IPv6,ntt.com,59.4,33,30,168,60.72314221118667,5,0
Google IPv6,bell.ca,34.0,34,32,36,1.5811388300841898,5,0
Google IPv6,kpn.com,310.4,380,32,727,290.85958811770325,5,0
Google IPv6,proximus.be,175.2,34,33,390,194.26451039755048,5,0
Google IPv6,example.net,176.2,271,31,274,132.09731261460243,5,0
Google IPv6,example.edu,34.0,33,31,41,4.0,5,0
Google IPv6,iana.org,33.6,32,31,40,3.646916505762094,5,0
Google IPv6,blackhole.webpagetest.org,34.2,34,31,40,3.492849839314596,5,0
Google IPv6,test-ipv6.com,34.0,32,31,43,5.0990195135927845,5,0
Google IPv6,test.openresolver.com,34.4,34,32,38,2.1908902300206643,5,0
Google IPv6,whoami.akamai.net,33.4,32,31,41,4.277849927241488,5,0
Google IPv6,myip.opendns.com,33.0,33,30,38,3.082207001484488,5,0
Google IPv6,root-servers.net,86.6,95,34,165,54.34427292732878,5,0
Google IPv6,ip6.nl,32.4,32,31,34,1.140175425099138,5,0
Google IPv6,openstreetmap.fr,32.4,32,32,33,0.5477225575051661,5,0
Google IPv6,torproject.org,299.2,306,33,770,302.40155422881014,5,0
Google IPv6,xip.io,88.0,34,32,246,92.15204826806618,5,0
Google IPv6,plan99.net,32.4,33,29,35,2.1908902300206643,5,0
Google IPv6,dnscrypt.info,33.8,33,32,37,1.9235384061671346,5,0
Google IPv6,dnspython.org,59.4,37,32,96,33.463412856431724,5,0
Google IPv6,publicsuffix.org,33.0,32,31,37,2.345207879911715,5,0
Google IPv6,openwrt.org,35.0,34,33,40,2.9154759474226504,5,0
Google IPv6,nlnetlabs.nl,35.0,36,31,39,3.082207001484488,5,0
Google IPv6,labnbook.com,36.6,37,34,38,1.51657508881031,5,0
Google IPv6,archive.org,34.2,34,32,36,1.4832396974191326,5,0
Google IPv6,dl.acm.org,33.6,33,31,38,2.701851217221259,5,0
Google IPv6,nvlpubs.nist.gov,34.0,34,32,36,1.5811388300841898,5,0
Google IPv6,eprints.soton.ac.uk,32.2,32,32,33,0.4472135954999579,5,0
Google IPv6,rsdn.org,33.4,33,32,35,1.140175425099138,5,0
Google IPv6,dnscheck.tools,32.4,32,31,34,1.140175425099138,5,0
Google IPv6,dnsleaktest.com,33.6,34,30,36,2.3021728866442674,5,0
Google IPv6,checkmydns.net,32.4,33,31,34,1.3416407864998738,5,0
Google IPv6,ipinfo.io,32.6,33,30,34,1.6733200530681511,5,0
Google IPv6,whatismyip.akamai.com,37.4,36,31,51,7.893034904268446,5,0
Google IPv6,trace.test,33.0,33,32,34,1.0,5,0
Google IPv6,cloudping.info,42.0,34,31,58,13.322912594474229,5,0
Google IPv6,speed.cloudflare.com,36.0,37,32,38,2.5495097567963922,5,0
Google IPv6,bgp.he.net,31.0,31,29,32,1.224744871391589,5,0
Google IPv6,ping.pe,32.8,32,31,37,2.4899799195977463,5,0
Google IPv6,ping.eu,32.6,33,32,33,0.5477225575051661,5,0
Google IPv6,root-servers.org,33.4,33,32,35,1.51657508881031,5,0
Google IPv6,a.root-servers.net,34.2,34,33,36,1.3038404810405297,5,0
Google IPv6,l.root-servers.net,126.4,165,37,169,59.15065511048884,5,0
Google IPv6,iana.com,33.2,33,32,35,1.0954451150103321,5,0
Google IPv6,int,32.4,32,31,34,1.140175425099138,5,0
Google IPv6,arpa,32.6,33,32,33,0.5477225575051661,5,0
Google IPv6,whois.iana.org,279.0,272,270,309,16.852299546352718,5,0
Google IPv6,tld-list.com,33.6,32,31,37,2.701851217221259,5,0
Cloudflare IPv4,google.com,57.2,59,47,62,5.890670590009257,5,0
Cloudflare IPv4,youtube.com,46.8,46,46,49,1.3038404810405297,5,0
Cloudflare IPv4,facebook.com,47.6,47,47,50,1.3416407864998738,5,0
Cloudflare IPv4,amazon.com,46.6,46,46,48,0.8944271909999159,5,0
Cloudflare IPv4,wikipedia.org,46.6,47,46,47,0.5477225575051661,5,0
Cloudflare IPv4,apple.com,47.2,47,46,49,1.3038404810405297,5,0
Cloudflare IPv4,microsoft.com,47.6,48,46,49,1.140175425099138,5,0
Cloudflare IPv4,instagram.com,49.2,48,41,60,6.906518659932803,5,0
Cloudflare IPv4,linkedin.com,47.6,47,47,49,0.8944271909999159,5,0
Cloudflare IPv4,bing.com,47.4,48,46,48,0.8944271909999159,5,0
Cloudflare IPv4,reddit.com,46.8,46,46,49,1.3038404810405297,5,0
Cloudflare IPv4,netflix.com,48.2,48,46,51,1.9235384061671346,5,0
Cloudflare IPv4,spotify.com,47.8,47,46,52,2.3874672772626644,5,0
Cloudflare IPv4,quora.com,52.6,48,47,71,10.358571330062848,5,0
Cloudflare IPv4,twitch.tv,47.8,48,47,49,0.8366600265340756,5,0
Cloudflare IPv4,zoom.us,47.2,47,46,48,0.8366600265340756,5,0
Cloudflare IPv4,nytimes.com,161.2,48,47,613,252.56622893807477,5,0
Cloudflare IPv4,bbc.com,46.6,47,46,47,0.5477225575051661,5,0
Cloudflare IPv4,espn.com,54.6,50,45,80,14.345731072343439,5,0
Cloudflare IPv4,whatsapp.com,48.0,48,46,50,1.5811388300841898,5,0
Cloudflare IPv4,twitter.com,48.0,47,45,53,3.0,5,0
Cloudflare IPv4,tiktok.com,47.6,48,46,49,1.140175425099138,5,0
Cloudflare IPv4,pinterest.com,47.2,47,46,48,0.8366600265340756,5,0
Cloudflare IPv4,ebay.com,61.2,48,47,116,30.638211436048287,5,0
Cloudflare IPv4,imdb.com,50.4,48,47,60,5.412947441089743,5,0
Cloudflare IPv4,cnn.com,52.4,48,46,72,11.013627921806693,5,0
Cloudflare IPv4,paypal.com,46.6,47,46,47,0.5477225575051661,5,0
Cloudflare IPv4,booking.com,54.2,48,47,79,13.881642554107204,5,0
Cloudflare IPv4,weather.com,74.8,48,46,179,58.30694641292751,5,0
Cloudflare IPv4,wordpress.com,47.6,47,47,50,1.3416407864998738,5,0
Cloudflare IPv4,airbnb.com,55.2,50,49,74,10.61602562167217,5,0
Cloudflare IPv4,tumblr.com,46.8,47,46,47,0.4472135954999579,5,0
Cloudflare IPv4,github.com,46.8,47,45,49,1.4832396974191326,5,0
Cloudflare IPv4,gitlab.com,155.6,48,46,588,241.7204997512623,5,0
Cloudflare IPv4,stackoverflow.com,47.6,48,47,48,0.5477225575051661,5,0
Cloudflare IPv4,docker.com,47.2,47,46,49,1.0954451150103321,5,0
Cloudflare IPv4,pypi.org,47.2,47,46,49,1.3038404810405297,5,0
Cloudflare IPv4,files.pythonhosted.org,51.6,48,47,67,8.648699324175862,5,0
Cloudflare IPv4,npmjs.com,46.8,47,45,49,1.4832396974191326,5,0
Cloudflare IPv4,registry.npmjs.org,49.2,49,47,53,2.4899799195977463,5,0
Cloudflare IPv4,rubygems.org,61.2,49,46,111,27.923108709454254,5,0
Cloudflare IPv4,repo.maven.apache.org,51.6,47,47,69,9.736529155710468,5,0
Cloudflare IPv4,cran.r-project.org,48.0,47,46,52,2.345207879911715,5,0
Cloudflare IPv4,bitbucket.org,48.2,48,47,50,1.3038404810405297,5,0
Cloudflare IPv4,sourceforge.net,51.6,47,46,71,10.876580344942981,5,0
Cloudflare IPv4,dev.to,47.8,48,46,49,1.3038404810405297,5,0
Cloudflare IPv4,jetbrains.com,73.6,47,46,180,59.48361118829286,5,0
Cloudflare IPv4,readthedocs.io,49.2,48,46,53,3.1144823004794873,5,0
Cloudflare IPv4,godoc.org,47.2,47,46,48,0.8366600265340756,5,0
Cloudflare IPv4,anaconda.org,47.4,47,46,49,1.140175425099138,5,0
Cloudflare IPv4,registry.terraform.io,52.4,50,47,63,6.308724118235002,5,0
Cloudflare IPv4,grafana.com,47.4,47,47,48,0.5477225575051661,5,0
Cloudflare IPv4,prometheus.io,48.0,48,46,51,1.8708286933869707,5,0
Cloudflare IPv4,circleci.com,47.4,47,47,48,0.5477225575051661,5,0
Cloudflare IPv4,travis-ci.com,49.4,48,47,55,3.361547262794322,5,0
Cloudflare IPv4,cloudflare.com,47.4,46,45,51,2.5099800796022267,5,0
Cloudflare IPv4,cdn.cloudflare.net,46.8,46,44,51,2.588435821108957,5,0
Cloudflare IPv4,one.one.one.one,46.4,47,45,47,0.8944271909999159,5,0
Cloudflare IPv4,dns.google,47.0,47,46,48,0.7071067811865476,5,0
Cloudflare IPv4,cloudfront.net,51.0,48,46,63,6.855654600401044,5,0
Cloudflare IPv4,fastly.net,47.4,47,47,48,0.5477225575051661,5,0
Cloudflare IPv4,akamai.net,71.4,48,47,165,52.32876837839775,5,0
Cloudflare IPv4,edgesuite.net,67.4,48,46,142,41.81865612379241,5,0
Cloudflare IPv4,opendns.com,50.8,48,46,60,5.585696017507576,5,0
Cloudflare IPv4,quad9.net,49.2,48,47,54,2.7748873851023217,5,0
Cloudflare IPv4,adguard.com,45.2,46,43,46,1.3038404810405297,5,0
Cloudflare IPv4,nextdns.io,47.4,47,47,48,0.5477225575051661,5,0
Cloudflare IPv4,cleanbrowsing.org,61.8,49,46,116,30.35951251255527,5,0
Cloudflare IPv4,verisign.com,74.4,48,47,180,59.0448981707988,5,0
Cloudflare IPv4,resolver.arpa,48.4,46,46,57,4.827007354458868,5,0
Cloudflare IPv4,ultradns.com,47.2,47,46,48,0.8366600265340756,5,0
Cloudflare IPv4,nsone.net,61.0,50,46,107,25.88435821108957,5,0
Cloudflare IPv4,level3.com,47.4,47,46,49,1.51657508881031,5,0
Cloudflare IPv4,resolv.conf,46.8,46,45,49,1.6431676725154984,5,0
Cloudflare IPv4,akamaihd.net,69.4,47,45,161,51.218160841638976,5,0
Cloudflare IPv4,akamai.com,48.8,48,47,51,1.6431676725154984,5,0
Cloudflare IPv4,edgekey.net,67.0,48,46,146,44.170125650715555,5,0
Cloudflare IPv4,dns.adguard-dns.com,46.0,46,44,47,1.224744871391589,5,0
Cloudflare IPv4,cachefly.net,103.8,47,46,331,127.01062947643398,5,0
Cloudflare IPv4,stackpathdns.com,47.8,48,46,49,1.3038404810405297,5,0
Cloudflare IPv4,zenedge.net,46.8,47,46,48,0.8366600265340756,5,0
Cloudflare IPv4,he.net,60.2,49,47,107,26.21449980449751,5,0
Cloudflare IPv4,baidu.com,46.4,46,46,47,0.5477225575051661,5,0
Cloudflare IPv4,yandex.ru,47.0,48,45,48,1.4142135623730951,5,0
Cloudflare IPv4,naver.com,48.0,48,45,51,2.23606797749979,5,0
Cloudflare IPv4,jio.com,48.8,47,46,55,3.63318042491699,5,0
Cloudflare IPv4,nic.in,59.8,47,46,110,28.083803161252927,5,0
Cloudflare IPv4,gov.uk,47.4,47,46,49,1.140175425099138,5,0
Cloudflare IPv4,zone.ug,48.2,47,46,54,3.3466401061363023,5,0
Cloudflare IPv4,nic.coop,47.6,47,46,50,1.51657508881031,5,0
Cloudflare IPv4,cern.ch,46.2,47,45,47,1.0954451150103321,5,0
Cloudflare IPv4,nic.cl,47.0,47,45,48,1.224744871391589,5,0
Cloudflare IPv4,nic.br,47.0,47,46,48,1.0,5,0
Cloudflare IPv4,nic.cn,47.0,47,46,48,0.7071067811865476,5,0
Cloudflare IPv4,nic.ru,47.8,48,46,49,1.3038404810405297,5,0
Cloudflare IPv4,nic.af,48.2,48,47,50,1.3038404810405297,5,0
Cloudflare IPv4,nic.ng,47.8,47,46,51,1.9235384061671346,5,0
Cloudflare IPv4,sina.com.cn,91.4,48,48,263,95.93122536484145,5,0
Cloudflare IPv4,mail.ru,86.8,48,47,241,86.20730827487888,5,0
Cloudflare IPv4,globo.com,47.6,47,46,52,2.5099800796022267,5,0
Cloudflare IPv4,sapo.pt,116.2,47,45,395,155.85634411213422,5,0
Cloudflare IPv4,or.kr,74.2,49,46,179,58.59778152797254,5,0
Cloudflare IPv4,nic.or.kr,47.0,47,46,48,1.0,5,0
Cloudflare IPv4,telstra.com.au,48.0,47,46,50,1.8708286933869707,5,0
Cloudflare IPv4,rogers.com,105.2,48,47,334,127.90504290292857,5,0
Cloudflare IPv4,ntt.com,47.2,47,46,49,1.3038404810405297,5,0
Cloudflare IPv4,bell.ca,50.0,50,47,53,2.5495097567963922,5,0
Cloudflare IPv4,kpn.com,77.6,48,47,197,66.75177900251049,5,0
Cloudflare IPv4,proximus.be,48.0,48,46,49,1.224744871391589,5,0
Cloudflare IPv4,example.net,48.0,49,46,49,1.4142135623730951,5,0
Cloudflare IPv4,example.edu,47.8,47,46,53,2.9495762407505253,5,0
Cloudflare IPv4,iana.org,47.0,47,46,48,0.7071067811865476,5,0
Cloudflare IPv4,blackhole.webpagetest.org,49.2,47,46,56,4.08656334834051,5,0
Cloudflare IPv4,test-ipv6.com,48.0,47,46,50,1.8708286933869707,5,0
Cloudflare IPv4,test.openresolver.com,49.4,48,46,57,4.39317652729776,5,0
Cloudflare IPv4,whoami.akamai.net,71.8,50,48,163,50.99215625956604,5,0
Cloudflare IPv4,myip.opendns.com,50.8,48,47,56,4.764451699828638,5,0
Cloudflare IPv4,root-servers.net,74.2,47,46,184,61.385666079305516,5,0
Cloudflare IPv4,ip6.nl,47.2,47,46,48,0.8366600265340756,5,0
Cloudflare IPv4,openstreetmap.fr,47.0,47,47,47,0.0,5,0
Cloudflare IPv4,torproject.org,50.4,51,47,55,3.1304951684997055,5,0
Cloudflare IPv4,xip.io,47.8,47,46,52,2.3874672772626644,5,0
Cloudflare IPv4,plan99.net,46.8,46,46,49,1.3038404810405297,5,0
Cloudflare IPv4,dnscrypt.info,47.2,47,47,48,0.4472135954999579,5,0
Cloudflare IPv4,dnspython.org,50.6,48,46,62,6.542170893518451,5,0
Cloudflare IPv4,publicsuffix.org,50.6,48,48,57,3.9749213828703582,5,0
Cloudflare IPv4,openwrt.org,48.4,47,46,54,3.2093613071762426,5,0
Cloudflare IPv4,nlnetlabs.nl,82.0,49,47,216,74.92663077971676,5,0
Cloudflare IPv4,labnbook.com,79.2,49,47,201,68.0969896544627,5,0
Cloudflare IPv4,archive.org,48.2,48,47,50,1.0954451150103321,5,0
Cloudflare IPv4,dl.acm.org,46.6,46,46,48,0.8944271909999159,5,0
Cloudflare IPv4,nvlpubs.nist.gov,47.2,47,46,49,1.3038404810405297,5,0
Cloudflare IPv4,eprints.soton.ac.uk,243.6,47,46,1029,439.05329972567114,5,0
Cloudflare IPv4,rsdn.org,48.0,48,46,51,1.8708286933869707,5,0
Cloudflare IPv4,dnscheck.tools,46.4,46,46,47,0.5477225575051661,5,0
Cloudflare IPv4,dnsleaktest.com,46.8,47,45,48,1.0954451150103321,5,0
Cloudflare IPv4,checkmydns.net,248.4,48,46,1053,449.7858379273407,5,0
Cloudflare IPv4,ipinfo.io,49.0,48,47,52,2.0,5,0
Cloudflare IPv4,whatismyip.akamai.com,73.4,49,47,173,55.689316749265295,5,0
Cloudflare IPv4,trace.test,48.2,48,47,50,1.0954451150103321,5,0
Cloudflare IPv4,cloudping.info,47.2,47,45,51,2.280350850198276,5,0
Cloudflare IPv4,speed.cloudflare.com,47.4,47,45,50,2.073644135332772,5,0
Cloudflare IPv4,bgp.he.net,46.2,46,45,47,0.8366600265340756,5,0
Cloudflare IPv4,ping.pe,50.4,51,47,54,2.8809720581775866,5,0
Cloudflare IPv4,ping.eu,46.6,47,46,47,0.5477225575051661,5,0
Cloudflare IPv4,root-servers.org,46.6,47,46,47,0.5477225575051661,5,0
Cloudflare IPv4,a.root-servers.net,47.4,47,47,48,0.5477225575051661,5,0
Cloudflare IPv4,l.root-servers.net,46.6,47,46,47,0.5477225575051661,5,0
Cloudflare IPv4,iana.com,47.4,48,46,49,1.3416407864998738,5,0
Cloudflare IPv4,int,53.2,48,46,77,13.367871932360812,5,0
Cloudflare IPv4,arpa,47.4,47,47,49,0.8944271909999159,5,0
Cloudflare IPv4,whois.iana.org,99.4,47,46,308,116.61603663304632,5,0
Cloudflare IPv4,tld-list.com,47.4,47,46,49,1.140175425099138,5,0
Cloudflare IPv6,google.com,46.4,46,46,47,0.5477225575051661,5,0
Cloudflare IPv6,youtube.com,54.6,60,46,61,7.861297602813418,5,0
Cloudflare IPv6,facebook.com,47.6,48,46,50,1.6733200530681511,5,0
Cloudflare IPv6,amazon.com,47.4,47,46,49,1.140175425099138,5,0
Cloudflare IPv6,wikipedia.org,46.8,47,46,48,0.8366600265340756,5,0
Cloudflare IPv6,apple.com,46.8,47,46,47,0.4472135954999579,5,0
Cloudflare IPv6,microsoft.com,46.6,47,46,47,0.5477225575051661,5,0
Cloudflare IPv6,instagram.com,47.4,47,46,50,1.6733200530681511,5,0
Cloudflare IPv6,linkedin.com,46.4,47,45,47,0.8944271909999159,5,0
Cloudflare IPv6,bing.com,46.6,47,46,47,0.5477225575051661,5,0
Cloudflare IPv6,reddit.com,46.4,46,45,48,1.140175425099138,5,0
Cloudflare IPv6,netflix.com,53.8,48,47,79,14.096098751072937,5,0
Cloudflare IPv6,spotify.com,46.6,47,46,47,0.5477225575051661,5,0
Cloudflare IPv6,quora.com,46.4,47,44,48,1.51657508881031,5,0
Cloudflare IPv6,twitch.tv,47.0,47,45,48,1.224744871391589,5,0
Cloudflare IPv6,zoom.us,48.4,49,46,50,1.51657508881031,5,0
Cloudflare IPv6,nytimes.com,47.0,47,45,48,1.224744871391589,5,0
Cloudflare IPv6,bbc.com,46.8,47,46,47,0.4472135954999579,5,0
Cloudflare IPv6,espn.com,47.6,47,47,49,0.8944271909999159,5,0
Cloudflare IPv6,whatsapp.com,50.4,48,47,60,5.412947441089743,5,0
Cloudflare IPv6,twitter.com,46.8,47,46,48,0.8366600265340756,5,0
Cloudflare IPv6,tiktok.com,48.0,48,46,49,1.224744871391589,5,0
Cloudflare IPv6,pinterest.com,47.0,47,46,49,1.224744871391589,5,0
Cloudflare IPv6,ebay.com,87.6,47,47,248,89.67050797224246,5,0
Cloudflare IPv6,imdb.com,48.0,48,46,51,1.8708286933869707,5,0
Cloudflare IPv6,cnn.com,49.6,49,47,52,2.3021728866442674,5,0
Cloudflare IPv6,paypal.com,48.6,48,46,52,2.4083189157584592,5,0
Cloudflare IPv6,booking.com,47.4,48,46,49,1.3416407864998738,5,0
Cloudflare IPv6,weather.com,74.0,48,46,180,59.26634795564849,5,0
Cloudflare IPv6,wordpress.com,47.0,47,46,48,0.7071067811865476,5,0
Cloudflare IPv6,airbnb.com,47.4,47,46,49,1.51657508881031,5,0
Cloudflare IPv6,tumblr.com,50.4,48,47,61,5.9833101206606365,5,0
Cloudflare IPv6,github.com,47.0,47,46,49,1.224744871391589,5,0
Cloudflare IPv6,gitlab.com,47.2,47,45,50,1.9235384061671346,5,0
Cloudflare IPv6,stackoverflow.com,47.0,48,41,50,3.5355339059327378,5,0
Cloudflare IPv6,docker.com,46.8,46,46,49,1.3038404810405297,5,0
Cloudflare IPv6,pypi.org,47.2,47,46,48,0.8366600265340756,5,0
Cloudflare IPv6,files.pythonhosted.org,46.4,46,46,47,0.5477225575051661,5,0
Cloudflare IPv6,npmjs.com,46.4,46,46,47,0.5477225575051661,5,0
Cloudflare IPv6,registry.npmjs.org,47.6,47,47,49,0.8944271909999159,5,0
Cloudflare IPv6,rubygems.org,48.6,49,47,51,1.6733200530681511,5,0
Cloudflare IPv6,repo.maven.apache.org,48.6,49,48,49,0.5477225575051661,5,0
Cloudflare IPv6,cran.r-project.org,46.8,47,43,50,2.588435821108957,5,0
Cloudflare IPv6,bitbucket.org,47.0,47,45,49,1.5811388300841898,5,0
Cloudflare IPv6,sourceforge.net,48.0,47,47,50,1.4142135623730951,5,0
Cloudflare IPv6,dev.to,47.2,47,45,50,1.7888543819998317,5,0
Cloudflare IPv6,jetbrains.com,47.2,47,46,49,1.3038404810405297,5,0
Cloudflare IPv6,readthedocs.io,48.6,49,47,49,0.8944271909999159,5,0
Cloudflare IPv6,godoc.org,46.8,47,45,48,1.0954451150103321,5,0
Cloudflare IPv6,anaconda.org,47.4,47,46,50,1.51657508881031,5,0
Cloudflare IPv6,registry.terraform.io,47.8,49,45,50,2.16794833886788,5,0
Cloudflare IPv6,grafana.com,46.8,47,45,48,1.3038404810405297,5,0
Cloudflare IPv6,prometheus.io,46.6,46,46,48,0.8944271909999159,5,0
Cloudflare IPv6,circleci.com,48.2,47,46,53,2.7748873851023217,5,0
Cloudflare IPv6,travis-ci.com,47.0,46,46,49,1.4142135623730951,5,0
Cloudflare IPv6,cloudflare.com,47.4,47,47,49,0.8944271909999159,5,0
Cloudflare IPv6,cdn.cloudflare.net,47.0,48,45,48,1.4142135623730951,5,0
Cloudflare IPv6,one.one.one.one,47.0,47,46,49,1.224744871391589,5,0
Cloudflare IPv6,dns.google,46.8,48,41,51,3.7013511046643495,5,0
Cloudflare IPv6,cloudfront.net,46.4,47,44,48,1.816590212458495,5,0
Cloudflare IPv6,fastly.net,46.8,47,46,47,0.4472135954999579,5,0
Cloudflare IPv6,akamai.net,48.0,47,47,50,1.4142135623730951,5,0
Cloudflare IPv6,edgesuite.net,48.4,49,47,50,1.3416407864998738,5,0
Cloudflare IPv6,opendns.com,46.8,47,46,48,0.8366600265340756,5,0
Cloudflare IPv6,quad9.net,47.2,47,46,49,1.3038404810405297,5,0
Cloudflare IPv6,adguard.com,46.8,46,45,50,1.9235384061671346,5,0
Cloudflare IPv6,nextdns.io,47.4,47,46,49,1.140175425099138,5,0
Cloudflare IPv6,cleanbrowsing.org,46.8,47,45,48,1.3038404810405297,5,0
Cloudflare IPv6,verisign.com,47.4,47,46,49,1.140175425099138,5,0
Cloudflare IPv6,resolver.arpa,47.4,47,46,50,1.6733200530681511,5,0
Cloudflare IPv6,ultradns.com,49.6,47,47,54,3.5777087639996634,5,0
Cloudflare IPv6,nsone.net,46.4,46,46,47,0.5477225575051661,5,0
Cloudflare IPv6,level3.com,47.8,48,46,50,1.4832396974191326,5,0
Cloudflare IPv6,resolv.conf,48.0,47,46,53,2.8284271247461903,5,0
Cloudflare IPv6,akamaihd.net,46.2,46,46,47,0.4472135954999579,5,0
Cloudflare IPv6,akamai.com,72.6,48,47,168,53.388200943654205,5,0
Cloudflare IPv6,edgekey.net,46.4,46,44,48,1.6733200530681511,5,0
Cloudflare IPv6,dns.adguard-dns.com,46.2,46,45,47,0.8366600265340756,5,0
Cloudflare IPv6,cachefly.net,47.6,47,46,50,1.51657508881031,5,0
Cloudflare IPv6,stackpathdns.com,47.0,47,45,49,1.4142135623730951,5,0
Cloudflare IPv6,zenedge.net,46.4,46,46,47,0.5477225575051661,5,0
Cloudflare IPv6,he.net,46.6,47,46,47,0.5477225575051661,5,0
Cloudflare IPv6,baidu.com,48.0,47,47,51,1.7320508075688772,5,0
Cloudflare IPv6,yandex.ru,46.2,46,45,47,0.8366600265340756,5,0
Cloudflare IPv6,naver.com,46.8,47,45,48,1.0954451150103321,5,0
Cloudflare IPv6,jio.com,46.6,47,45,48,1.140175425099138,5,0
Cloudflare IPv6,nic.in,47.6,48,45,50,1.816590212458495,5,0
Cloudflare IPv6,gov.uk,46.6,46,46,48,0.8944271909999159,5,0
Cloudflare IPv6,zone.ug,53.0,47,46,78,13.982131454109563,5,0
Cloudflare IPv6,nic.coop,48.8,48,47,51,1.6431676725154984,5,0
Cloudflare IPv6,cern.ch,47.2,47,46,48,0.8366600265340756,5,0
Cloudflare IPv6,nic.cl,46.8,47,46,48,0.8366600265340756,5,0
Cloudflare IPv6,nic.br,48.0,48,46,50,1.5811388300841898,5,0
Cloudflare IPv6,nic.cn,46.4,46,46,47,0.5477225575051661,5,0
Cloudflare IPv6,nic.ru,46.6,46,45,49,1.51657508881031,5,0
Cloudflare IPv6,nic.af,47.6,48,46,49,1.51657508881031,5,0
Cloudflare IPv6,nic.ng,46.0,46,45,47,0.7071067811865476,5,0
Cloudflare IPv6,sina.com.cn,46.6,46,46,48,0.8944271909999159,5,0
Cloudflare IPv6,mail.ru,48.4,48,47,50,1.140175425099138,5,0
Cloudflare IPv6,globo.com,46.4,46,46,47,0.5477225575051661,5,0
Cloudflare IPv6,sapo.pt,48.2,47,47,53,2.6832815729997477,5,0
Cloudflare IPv6,or.kr,48.6,49,47,51,1.6733200530681511,5,0
Cloudflare IPv6,nic.or.kr,46.8,46,46,48,1.0954451150103321,5,0
Cloudflare IPv6,telstra.com.au,47.6,47,46,50,1.51657508881031,5,0
Cloudflare IPv6,rogers.com,47.2,47,46,49,1.0954451150103321,5,0
Cloudflare IPv6,ntt.com,46.4,47,45,47,0.8944271909999159,5,0
Cloudflare IPv6,bell.ca,46.6,47,46,47,0.5477225575051661,5,0
Cloudflare IPv6,kpn.com,46.4,46,44,48,1.6733200530681511,5,0
Cloudflare IPv6,proximus.be,47.0,47,46,48,0.7071067811865476,5,0
Cloudflare IPv6,example.net,47.2,47,46,49,1.3038404810405297,5,0
Cloudflare IPv6,example.edu,46.8,47,46,47,0.4472135954999579,5,0
Cloudflare IPv6,iana.org,46.2,46,46,47,0.4472135954999579,5,0
Cloudflare IPv6,blackhole.webpagetest.org,45.8,46,44,48,1.4832396974191326,5,0
Cloudflare IPv6,test-ipv6.com,47.0,47,46,48,0.7071067811865476,5,0
Cloudflare IPv6,test.openresolver.com,47.0,47,47,47,0.0,5,0
Cloudflare IPv6,whoami.akamai.net,47.0,47,46,48,0.7071067811865476,5,0
Cloudflare IPv6,myip.opendns.com,46.8,47,46,47,0.4472135954999579,5,0
Cloudflare IPv6,root-servers.net,47.4,48,43,49,2.5099800796022267,5,0
Cloudflare IPv6,ip6.nl,46.8,46,46,49,1.3038404810405297,5,0
Cloudflare IPv6,openstreetmap.fr,45.4,45,44,47,1.51657508881031,5,0
Cloudflare IPv6,torproject.org,45.6,46,43,47,1.51657508881031,5,0
Cloudflare IPv6,xip.io,46.6,47,46,47,0.5477225575051661,5,0
Cloudflare IPv6,plan99.net,46.4,46,46,47,0.5477225575051661,5,0
Cloudflare IPv6,dnscrypt.info,47.4,48,46,49,1.3416407864998738,5,0
Cloudflare IPv6,dnspython.org,50.0,47,46,60,5.787918451395113,5,0
Cloudflare IPv6,publicsuffix.org,47.4,47,46,50,1.6733200530681511,5,0
Cloudflare IPv6,openwrt.org,46.4,46,46,48,0.8944271909999159,5,0
Cloudflare IPv6,nlnetlabs.nl,47.6,47,47,49,0.8944271909999159,5,0
Cloudflare IPv6,labnbook.com,49.0,48,47,52,2.0,5,0
Cloudflare IPv6,archive.org,48.2,48,45,52,2.588435821108957,5,0
Cloudflare IPv6,dl.acm.org,46.8,47,45,49,1.4832396974191326,5,0
Cloudflare IPv6,nvlpubs.nist.gov,46.8,47,45,49,1.4832396974191326,5,0
Cloudflare IPv6,eprints.soton.ac.uk,47.2,47,46,49,1.0954451150103321,5,0
Cloudflare IPv6,rsdn.org,47.8,47,47,50,1.3038404810405297,5,0
Cloudflare IPv6,dnscheck.tools,47.4,47,46,49,1.140175425099138,5,0
Cloudflare IPv6,dnsleaktest.com,46.6,47,45,48,1.140175425099138,5,0
Cloudflare IPv6,checkmydns.net,46.8,47,45,48,1.0954451150103321,5,0
Cloudflare IPv6,ipinfo.io,50.8,48,47,60,5.357238094391549,5,0
Cloudflare IPv6,whatismyip.akamai.com,49.8,48,46,60,5.761944116355173,5,0
Cloudflare IPv6,trace.test,47.0,47,46,48,0.7071067811865476,5,0
Cloudflare IPv6,cloudping.info,46.2,47,43,47,1.7888543819998317,5,0
Cloudflare IPv6,speed.cloudflare.com,47.0,47,45,49,1.5811388300841898,5,0
Cloudflare IPv6,bgp.he.net,47.8,47,46,50,2.04939015319192,5,0
Cloudflare IPv6,ping.pe,46.6,46,43,53,4.159326868617084,5,0
Cloudflare IPv6,ping.eu,47.8,47,46,50,1.6431676725154984,5,0
Cloudflare IPv6,root-servers.org,47.6,47,46,50,1.51657508881031,5,0
Cloudflare IPv6,a.root-servers.net,47.4,48,45,49,1.51657508881031,5,0
Cloudflare IPv6,l.root-servers.net,47.2,47,46,48,0.8366600265340756,5,0
Cloudflare IPv6,iana.com,46.4,46,45,49,1.51657508881031,5,0
Cloudflare IPv6,int,47.4,47,47,48,0.5477225575051661,5,0
Cloudflare IPv6,arpa,47.8,47,46,51,2.16794833886788,5,0
Cloudflare IPv6,whois.iana.org,101.0,48,46,317,120.75181158061356,5,0
Cloudflare IPv6,tld-list.com,46.8,46,46,49,1.3038404810405297,5,0
Quad9 IPv4,google.com,33.0,31,30,38,3.391164991562634,5,0
Quad9 IPv4,youtube.com,33.8,31,31,38,3.8340579025361627,5,0
Quad9 IPv4,facebook.com,34.0,35,29,41,4.795831523312719,5,0
Quad9 IPv4,amazon.com,31.6,31,30,35,1.949358868961793,5,0
Quad9 IPv4,wikipedia.org,371.8,33,30,1710,748.1475121926156,5,0
Quad9 IPv4,apple.com,33.4,32,30,41,4.39317652729776,5,0
Quad9 IPv4,microsoft.com,31.0,31,30,32,0.7071067811865476,5,0
Quad9 IPv4,instagram.com,32.8,32,31,37,2.4899799195977463,5,0
Quad9 IPv4,linkedin.com,35.6,31,29,54,10.454664030948102,5,0
Quad9 IPv4,bing.com,34.8,32,29,50,8.64291617453276,5,0
Quad9 IPv4,reddit.com,36.4,34,31,50,7.700649323271382,5,0
Quad9 IPv4,netflix.com,47.0,39,31,92,25.622255950637914,5,0
Quad9 IPv4,spotify.com,35.2,33,31,48,7.224956747275377,5,0
Quad9 IPv4,quora.com,39.0,33,30,62,13.19090595827292,5,0
Quad9 IPv4,twitch.tv,32.6,31,31,38,3.0495901363953815,5,0
Quad9 IPv4,zoom.us,33.8,33,32,36,1.6431676725154984,5,0
Quad9 IPv4,nytimes.com,34.8,31,30,48,7.661592523751182,5,0
Quad9 IPv4,bbc.com,43.2,32,30,81,21.556901447100415,5,0
Quad9 IPv4,espn.com,67.0,34,30,188,68.15423684555495,5,0
Quad9 IPv4,whatsapp.com,34.4,31,30,50,8.734987120768983,5,0
Quad9 IPv4,twitter.com,34.8,33,31,44,5.263078946776307,5,0
Quad9 IPv4,tiktok.com,36.4,31,30,54,10.114346246792227,5,0
Quad9 IPv4,pinterest.com,33.6,32,30,39,4.159326868617084,5,0
Quad9 IPv4,ebay.com,49.4,35,31,113,35.64828186603108,5,0
Quad9 IPv4,imdb.com,33.6,33,31,38,2.701851217221259,5,0
Quad9 IPv4,cnn.com,41.8,32,32,81,21.913466179497938,5,0
Quad9 IPv4,paypal.com,35.8,33,30,50,8.167006795638168,5,0
Quad9 IPv4,booking.com,35.6,36,31,41,3.847076812334269,5,0
Quad9 IPv4,weather.com,42.0,32,30,59,15.083103128998356,5,0
Quad9 IPv4,wordpress.com,32.8,32,29,39,3.96232255123179,5,0
Quad9 IPv4,airbnb.com,33.0,30,29,45,6.819090848492928,5,0
Quad9 IPv4,tumblr.com,34.6,35,29,42,5.319774431308154,5,0
Quad9 IPv4,github.com,31.6,32,30,33,1.140175425099138,5,0
Quad9 IPv4,gitlab.com,39.2,31,30,55,11.882760622010359,5,0
Quad9 IPv4,stackoverflow.com,72.4,31,30,235,90.91644515707816,5,0
Quad9 IPv4,docker.com,47.6,31,29,105,32.49307618555067,5,0
Quad9 IPv4,pypi.org,30.2,30,29,31,0.8366600265340756,5,0
Quad9 IPv4,files.pythonhosted.org,38.2,33,31,62,13.367871932360812,5,0
Quad9 IPv4,npmjs.com,31.2,31,30,32,0.8366600265340756,5,0
Quad9 IPv4,registry.npmjs.org,36.0,38,30,43,5.787918451395113,5,0
Quad9 IPv4,rubygems.org,32.0,32,31,33,1.0,5,0
Quad9 IPv4,repo.maven.apache.org,32.6,31,31,37,2.6076809620810595,5,0
Quad9 IPv4,cran.r-project.org,33.6,32,30,42,4.827007354458868,5,0
Quad9 IPv4,bitbucket.org,31.2,32,29,33,1.6431676725154984,5,0
Quad9 IPv4,sourceforge.net,32.0,31,29,35,2.449489742783178,5,0
Quad9 IPv4,dev.to,33.2,34,32,34,1.0954451150103321,5,0
Quad9 IPv4,jetbrains.com,32.2,33,28,36,2.9495762407505253,5,0
Quad9 IPv4,readthedocs.io,32.2,33,29,35,2.280350850198276,5,0
Quad9 IPv4,godoc.org,34.0,34,30,39,3.391164991562634,5,0
Quad9 IPv4,anaconda.org,32.0,32,30,35,1.8708286933869707,5,0
Quad9 IPv4,registry.terraform.io,35.4,30,30,55,10.99090533122727,5,0
Quad9 IPv4,grafana.com,32.2,31,31,36,2.16794833886788,5,0
Quad9 IPv4,prometheus.io,32.8,33,30,35,1.7888543819998317,5,0
Quad9 IPv4,circleci.com,40.0,32,30,68,16.046806535881213,5,0
Quad9 IPv4,travis-ci.com,33.8,32,29,40,4.54972526643093,5,0
Quad9 IPv4,cloudflare.com,32.2,32,30,36,2.4899799195977463,5,0
Quad9 IPv4,cdn.cloudflare.net,33.2,33,31,36,2.280350850198276,5,0
Quad9 IPv4,one.one.one.one,31.2,31,30,32,0.8366600265340756,5,0
Quad9 IPv4,dns.google,32.0,32,30,35,1.8708286933869707,5,0
Quad9 IPv4,cloudfront.net,32.0,32,30,35,2.1213203435596424,5,0
Quad9 IPv4,fastly.net,31.0,31,30,32,1.0,5,0
Quad9 IPv4,akamai.net,31.2,31,28,34,2.3874672772626644,5,0
Quad9 IPv4,edgesuite.net,31.6,32,24,39,5.319774431308154,5,0
Quad9 IPv4,opendns.com,37.2,33,30,53,9.497368056467012,5,0
Quad9 IPv4,quad9.net,32.4,32,30,35,1.816590212458495,5,0
Quad9 IPv4,adguard.com,31.6,31,30,34,1.51657508881031,5,0
Quad9 IPv4,nextdns.io,34.2,33,30,40,3.898717737923586,5,0
Quad9 IPv4,cleanbrowsing.org,71.4,30,28,235,91.48114559842372,5,0
Quad9 IPv4,verisign.com,32.4,32,29,38,3.507135583350036,5,0
Quad9 IPv4,resolver.arpa,32.2,31,31,35,1.7888543819998317,5,0
Quad9 IPv4,ultradns.com,37.0,33,30,48,7.681145747868608,5,0
Quad9 IPv4,nsone.net,78.0,31,28,267,105.66929544574431,5,0
Quad9 IPv4,level3.com,77.4,32,30,262,103.1978681950359,5,0
Quad9 IPv4,resolv.conf,33.8,33,31,38,2.588435821108957,5,0
Quad9 IPv4,akamaihd.net,38.4,34,30,60,12.280065146407,5,0
Quad9 IPv4,akamai.com,36.2,34,31,49,7.328028384224504,5,0
Quad9 IPv4,edgekey.net,34.6,34,30,39,3.507135583350036,5,0
Quad9 IPv4,dns.adguard-dns.com,33.6,34,31,36,1.816590212458495,5,0
Quad9 IPv4,cachefly.net,46.6,34,31,102,31.02096065565991,5,0
Quad9 IPv4,stackpathdns.com,34.6,33,25,46,8.142481194328912,5,0
Quad9 IPv4,zenedge.net,30.4,30,28,34,2.1908902300206643,5,0
Quad9 IPv4,he.net,34.2,31,30,41,5.357238094391549,5,0
Quad9 IPv4,baidu.com,58.8,31,30,166,59.9974999479145,5,0
Quad9 IPv4,yandex.ru,34.2,34,31,39,2.9495762407505253,5,0
Quad9 IPv4,naver.com,60.6,34,30,165,58.585834465338124,5,0
Quad9 IPv4,jio.com,31.8,31,29,36,2.7748873851023217,5,0
Quad9 IPv4,nic.in,42.6,32,30,86,24.306377763870948,5,0
Quad9 IPv4,gov.uk,32.6,32,30,36,2.4083189157584592,5,0
Quad9 IPv4,zone.ug,80.8,30,29,279,110.83185462672724,5,0
Quad9 IPv4,nic.coop,86.2,35,30,300,119.53953320972941,5,0
Quad9 IPv4,cern.ch,64.6,30,30,193,71.9082749062999,5,0
Quad9 IPv4,nic.cl,34.6,32,30,45,6.107372593840988,5,0
Quad9 IPv4,nic.br,32.0,31,30,36,2.345207879911715,5,0
Quad9 IPv4,nic.cn,35.8,33,32,49,7.395944834840238,5,0
Quad9 IPv4,nic.ru,79.6,39,30,257,99.28645426240178,5,0
Quad9 IPv4,nic.af,36.6,31,30,60,13.107249902248755,5,0
Quad9 IPv4,nic.ng,34.2,32,31,43,4.969909455915671,5,0
Quad9 IPv4,sina.com.cn,208.4,32,29,916,395.56326927559894,5,0
Quad9 IPv4,mail.ru,67.4,32,30,211,80.28262576672489,5,0
Quad9 IPv4,globo.com,36.8,32,31,57,11.322543883774529,5,0
Quad9 IPv4,sapo.pt,152.2,32,31,623,263.23126713975296,5,0
Quad9 IPv4,or.kr,113.0,36,30,427,175.5633788692847,5,0
Quad9 IPv4,nic.or.kr,68.2,42,32,176,60.74701638763833,5,0
Quad9 IPv4,telstra.com.au,33.2,31,30,39,3.7682887362833544,5,0
Quad9 IPv4,rogers.com,54.6,31,31,123,39.859754138729954,5,0
Quad9 IPv4,ntt.com,31.2,32,29,33,1.6431676725154984,5,0
Quad9 IPv4,bell.ca,35.2,34,33,42,3.8340579025361627,5,0
Quad9 IPv4,kpn.com,71.6,31,30,234,90.79262084552907,5,0
Quad9 IPv4,proximus.be,67.0,34,29,208,78.85429601486528,5,0
Quad9 IPv4,example.net,32.4,32,29,36,2.5099800796022267,5,0
Quad9 IPv4,example.edu,86.6,36,31,290,113.81915480269566,5,0
Quad9 IPv4,iana.org,33.0,34,29,38,3.605551275463989,5,0
Quad9 IPv4,blackhole.webpagetest.org,33.2,34,31,35,1.6431676725154984,5,0
Quad9 IPv4,test-ipv6.com,390.8,36,31,1807,791.6998800050433,5,0
Quad9 IPv4,test.openresolver.com,36.0,33,30,45,6.284902544988268,5,0
Quad9 IPv4,whoami.akamai.net,39.2,33,31,60,12.00833044182246,5,0
Quad9 IPv4,myip.opendns.com,34.0,32,31,44,5.612486080160912,5,0
Quad9 IPv4,root-servers.net,62.6,33,30,185,68.44194620260298,5,0
Quad9 IPv4,ip6.nl,34.4,31,30,41,5.176871642217914,5,0
Quad9 IPv4,openstreetmap.fr,33.8,32,30,44,5.761944116355173,5,0
Quad9 IPv4,torproject.org,90.2,34,30,322,129.59243805099123,5,0
Quad9 IPv4,xip.io,43.0,41,29,60,13.729530217745982,5,0
Quad9 IPv4,plan99.net,35.2,33,29,43,6.418722614352485,5,0
Quad9 IPv4,dnscrypt.info,31.6,31,28,35,2.8809720581775866,5,0
Quad9 IPv4,dnspython.org,36.4,35,30,43,5.458937625582473,5,0
Quad9 IPv4,publicsuffix.org,32.6,32,31,35,1.816590212458495,5,0
Quad9 IPv4,openwrt.org,36.2,36,30,42,4.919349550499537,5,0
Quad9 IPv4,nlnetlabs.nl,36.8,34,31,51,8.167006795638168,5,0
Quad9 IPv4,labnbook.com,44.6,31,30,99,30.418744221285664,5,0
Quad9 IPv4,archive.org,32.6,32,31,36,1.949358868961793,5,0
Quad9 IPv4,dl.acm.org,35.6,30,30,47,7.956129712366434,5,0
Quad9 IPv4,nvlpubs.nist.gov,34.0,33,30,38,3.391164991562634,5,0
Quad9 IPv4,eprints.soton.ac.uk,32.2,31,31,35,1.7888543819998317,5,0
Quad9 IPv4,rsdn.org,32.0,32,30,33,1.224744871391589,5,0
Quad9 IPv4,dnscheck.tools,31.8,32,30,34,1.4832396974191326,5,0
Quad9 IPv4,dnsleaktest.com,32.6,32,31,37,2.5099800796022267,5,0
Quad9 IPv4,checkmydns.net,31.8,33,30,33,1.6431676725154984,5,0
Quad9 IPv4,ipinfo.io,32.8,31,30,39,3.8340579025361627,5,0
Quad9 IPv4,whatismyip.akamai.com,34.0,32,30,42,4.847679857416329,5,0
Quad9 IPv4,trace.test,30.6,30,30,33,1.3416407864998738,5,0
Quad9 IPv4,cloudping.info,31.2,31,30,33,1.3038404810405297,5,0
Quad9 IPv4,speed.cloudflare.com,32.4,32,31,34,1.140175425099138,5,0
Quad9 IPv4,bgp.he.net,32.0,31,31,35,1.7320508075688772,5,0
Quad9 IPv4,ping.pe,33.0,31,30,41,4.527692569068709,5,0
Quad9 IPv4,ping.eu,33.8,32,30,45,6.340346993658943,5,0
Quad9 IPv4,root-servers.org,33.8,35,30,36,2.3874672772626644,5,0
Quad9 IPv4,a.root-servers.net,30.8,31,30,32,0.8366600265340756,5,0
Quad9 IPv4,l.root-servers.net,31.2,31,30,33,1.3038404810405297,5,0
Quad9 IPv4,iana.com,32.6,32,30,39,3.714835124201342,5,0
Quad9 IPv4,int,32.6,31,30,38,3.2093613071762426,5,0
Quad9 IPv4,arpa,33.8,33,30,41,4.54972526643093,5,0
Quad9 IPv4,whois.iana.org,287.8,283,30,756,297.34189075876947,5,0
Quad9 IPv4,tld-list.com,32.2,32,30,35,1.9235384061671346,5,0
Quad9 IPv6,google.com,33.2,33,32,34,0.8366600265340756,5,0
Quad9 IPv6,youtube.com,32.4,32,32,33,0.5477225575051661,5,0
Quad9 IPv6,facebook.com,34.6,33,32,39,3.2093613071762426,5,0
Quad9 IPv6,amazon.com,33.2,33,32,34,0.8366600265340756,5,0
Quad9 IPv6,wikipedia.org,33.6,33,32,38,2.5099800796022267,5,0
Quad9 IPv6,apple.com,33.2,33,32,35,1.3038404810405297,5,0
Quad9 IPv6,microsoft.com,32.8,32,32,35,1.3038404810405297,5,0
Quad9 IPv6,instagram.com,33.2,33,32,36,1.6431676725154984,5,0
Quad9 IPv6,linkedin.com,32.6,33,32,33,0.5477225575051661,5,0
Quad9 IPv6,bing.com,33.2,33,32,35,1.0954451150103321,5,0
Quad9 IPv6,reddit.com,35.4,33,33,44,4.827007354458868,5,0
Quad9 IPv6,netflix.com,32.6,33,32,33,0.5477225575051661,5,0
Quad9 IPv6,spotify.com,33.2,33,31,35,1.4832396974191326,5,0
Quad9 IPv6,quora.com,35.2,36,31,38,2.7748873851023217,5,0
Quad9 IPv6,twitch.tv,32.6,32,32,34,0.8944271909999159,5,0
Quad9 IPv6,zoom.us,34.0,33,32,38,2.345207879911715,5,0
Quad9 IPv6,nytimes.com,33.2,32,32,37,2.16794833886788,5,0
Quad9 IPv6,bbc.com,40.2,33,33,69,16.099689437998485,5,0
Quad9 IPv6,espn.com,32.4,32,31,36,2.073644135332772,5,0
Quad9 IPv6,whatsapp.com,33.8,35,29,36,2.9495762407505253,5,0
Quad9 IPv6,twitter.com,33.8,33,32,36,1.6431676725154984,5,0
Quad9 IPv6,tiktok.com,32.8,33,31,34,1.3038404810405297,5,0
Quad9 IPv6,pinterest.com,34.0,33,31,40,3.5355339059327378,5,0
Quad9 IPv6,ebay.com,83.6,35,32,281,110.36666163294059,5,0
Quad9 IPv6,imdb.com,35.0,33,31,42,4.301162633521313,5,0
Quad9 IPv6,cnn.com,34.0,34,32,36,1.5811388300841898,5,0
Quad9 IPv6,paypal.com,34.4,32,31,39,3.7815340802378072,5,0
Quad9 IPv6,booking.com,33.6,33,32,36,1.816590212458495,5,0
Quad9 IPv6,weather.com,32.8,33,31,35,1.4832396974191326,5,0
Quad9 IPv6,wordpress.com,34.6,34,31,40,3.5777087639996634,5,0
Quad9 IPv6,airbnb.com,58.0,32,31,160,57.039460025494634,5,0
Quad9 IPv6,tumblr.com,33.0,32,31,36,2.0,5,0
Quad9 IPv6,github.com,34.0,33,33,37,1.7320508075688772,5,0
Quad9 IPv6,gitlab.com,31.6,32,29,33,1.51657508881031,5,0
Quad9 IPv6,stackoverflow.com,33.0,32,32,35,1.4142135623730951,5,0
Quad9 IPv6,docker.com,31.8,32,31,33,0.8366600265340756,5,0
Quad9 IPv6,pypi.org,33.4,33,31,36,1.816590212458495,5,0
Quad9 IPv6,files.pythonhosted.org,33.0,34,31,34,1.4142135623730951,5,0
Quad9 IPv6,npmjs.com,33.0,32,31,38,2.9154759474226504,5,0
Quad9 IPv6,registry.npmjs.org,32.6,32,32,34,0.8944271909999159,5,0
Quad9 IPv6,rubygems.org,33.6,32,31,40,3.646916505762094,5,0
Quad9 IPv6,repo.maven.apache.org,33.0,33,32,34,0.7071067811865476,5,0
Quad9 IPv6,cran.r-project.org,115.2,34,33,441,182.12962416916145,5,0
Quad9 IPv6,bitbucket.org,34.0,33,32,38,2.345207879911715,5,0
Quad9 IPv6,sourceforge.net,36.0,33,32,49,7.280109889280518,5,0
Quad9 IPv6,dev.to,33.0,33,32,34,0.7071067811865476,5,0
Quad9 IPv6,jetbrains.com,34.4,32,31,43,4.929503017546495,5,0
Quad9 IPv6,readthedocs.io,32.6,32,32,34,0.8944271909999159,5,0
Quad9 IPv6,godoc.org,32.0,33,30,33,1.4142135623730951,5,0
Quad9 IPv6,anaconda.org,33.6,34,31,35,1.6733200530681511,5,0
Quad9 IPv6,registry.terraform.io,34.6,33,32,41,3.7815340802378072,5,0
Quad9 IPv6,grafana.com,32.4,33,31,33,0.8944271909999159,5,0
Quad9 IPv6,prometheus.io,32.2,32,32,33,0.4472135954999579,5,0
Quad9 IPv6,circleci.com,86.6,32,32,303,120.97437745241758,5,0
Quad9 IPv6,travis-ci.com,32.8,33,31,34,1.0954451150103321,5,0
Quad9 IPv6,cloudflare.com,33.2,33,32,35,1.3038404810405297,5,0
Quad9 IPv6,cdn.cloudflare.net,32.8,33,32,33,0.4472135954999579,5,0
Quad9 IPv6,one.one.one.one,32.0,32,31,33,0.7071067811865476,5,0
Quad9 IPv6,dns.google,32.4,32,31,35,1.6733200530681511,5,0
Quad9 IPv6,cloudfront.net,34.4,33,31,40,3.9749213828703582,5,0
Quad9 IPv6,fastly.net,31.8,32,31,33,0.8366600265340756,5,0
Quad9 IPv6,akamai.net,32.8,32,32,34,1.0954451150103321,5,0
Quad9 IPv6,edgesuite.net,32.4,32,31,35,1.51657508881031,5,0
Quad9 IPv6,opendns.com,34.4,35,32,36,1.816590212458495,5,0
Quad9 IPv6,quad9.net,81.2,34,32,273,107.22266551433984,5,0
Quad9 IPv6,adguard.com,32.8,33,32,34,0.8366600265340756,5,0
Quad9 IPv6,nextdns.io,33.6,33,32,36,1.51657508881031,5,0
Quad9 IPv6,cleanbrowsing.org,75.8,34,32,237,90.1953435605187,5,0
Quad9 IPv6,verisign.com,34.0,33,32,37,2.0,5,0
Quad9 IPv6,resolver.arpa,32.6,33,31,33,0.8944271909999159,5,0
Quad9 IPv6,ultradns.com,34.6,35,34,35,0.5477225575051661,5,0
Quad9 IPv6,nsone.net,33.4,32,31,37,2.5099800796022267,5,0
Quad9 IPv6,level3.com,78.6,34,31,261,101.9769581817383,5,0
Quad9 IPv6,resolv.conf,32.0,32,31,33,1.0,5,0
Quad9 IPv6,akamaihd.net,39.4,34,31,64,13.831124321616084,5,0
Quad9 IPv6,akamai.com,33.6,33,33,35,0.8944271909999159,5,0
Quad9 IPv6,edgekey.net,34.6,34,33,38,2.073644135332772,5,0
Quad9 IPv6,dns.adguard-dns.com,37.6,37,34,43,3.5777087639996634,5,0
Quad9 IPv6,cachefly.net,45.6,34,32,95,27.64597619907823,5,0
Quad9 IPv6,stackpathdns.com,45.6,34,33,92,25.948024973010952,5,0
Quad9 IPv6,zenedge.net,32.4,32,32,33,0.5477225575051661,5,0
Quad9 IPv6,he.net,35.8,32,31,45,6.058052492344384,5,0
Quad9 IPv6,baidu.com,31.8,32,31,33,0.8366600265340756,5,0
Quad9 IPv6,yandex.ru,32.8,33,32,34,0.8366600265340756,5,0
Quad9 IPv6,naver.com,34.8,32,31,45,5.805170109479997,5,0
Quad9 IPv6,jio.com,32.2,33,30,34,1.6431676725154984,5,0
Quad9 IPv6,nic.in,39.8,33,32,69,16.330952207388275,5,0
Quad9 IPv6,gov.uk,31.4,32,30,32,0.8944271909999159,5,0
Quad9 IPv6,zone.ug,32.0,32,28,34,2.449489742783178,5,0
Quad9 IPv6,nic.coop,48.4,33,32,111,35.00428545192717,5,0
Quad9 IPv6,cern.ch,61.6,34,32,171,61.19885619846175,5,0
Quad9 IPv6,nic.cl,33.0,33,31,36,2.1213203435596424,5,0
Quad9 IPv6,nic.br,32.4,32,32,33,0.5477225575051661,5,0
Quad9 IPv6,nic.cn,33.0,33,31,35,1.4142135623730951,5,0
Quad9 IPv6,nic.ru,33.2,33,33,34,0.4472135954999579,5,0
Quad9 IPv6,nic.af,33.6,33,32,36,1.816590212458495,5,0
Quad9 IPv6,nic.ng,34.4,33,32,39,2.792848008753788,5,0
Quad9 IPv6,sina.com.cn,91.8,36,33,320,127.58017087306318,5,0
Quad9 IPv6,mail.ru,70.2,34,29,218,82.66317196914234,5,0
Quad9 IPv6,globo.com,31.8,32,27,36,3.2710854467592254,5,0
Quad9 IPv6,sapo.pt,94.6,32,31,342,138.31413521401203,5,0
Quad9 IPv6,or.kr,34.8,35,31,41,3.898717737923586,5,0
Quad9 IPv6,nic.or.kr,109.4,32,29,417,171.97761482239483,5,0
Quad9 IPv6,telstra.com.au,35.2,33,32,44,5.06951674225463,5,0
Quad9 IPv6,rogers.com,86.0,37,31,288,112.98672488394378,5,0
Quad9 IPv6,ntt.com,32.6,33,32,33,0.5477225575051661,5,0
Quad9 IPv6,bell.ca,76.8,32,31,257,100.73827475195314,5,0
Quad9 IPv6,kpn.com,144.8,32,31,594,251.11491393384026,5,0
Quad9 IPv6,proximus.be,33.8,34,30,36,2.4899799195977463,5,0
Quad9 IPv6,example.net,34.0,34,33,35,1.0,5,0
Quad9 IPv6,example.edu,32.0,32,31,33,0.7071067811865476,5,0
Quad9 IPv6,iana.org,34.2,35,32,36,1.6431676725154984,5,0
Quad9 IPv6,blackhole.webpagetest.org,33.4,33,32,35,1.140175425099138,5,0
Quad9 IPv6,test-ipv6.com,104.2,34,32,388,158.65434125796872,5,0
Quad9 IPv6,test.openresolver.com,33.8,32,31,42,4.658325879540846,5,0
Quad9 IPv6,whoami.akamai.net,34.6,35,33,36,1.140175425099138,5,0
Quad9 IPv6,myip.opendns.com,33.6,33,32,37,2.073644135332772,5,0
Quad9 IPv6,root-servers.net,35.8,33,32,46,5.932958789676531,5,0
Quad9 IPv6,ip6.nl,32.8,33,32,34,0.8366600265340756,5,0
Quad9 IPv6,openstreetmap.fr,32.0,32,31,33,0.7071067811865476,5,0
Quad9 IPv6,torproject.org,87.2,32,32,307,122.87269835077278,5,0
Quad9 IPv6,xip.io,79.6,32,31,269,105.88342646514609,5,0
Quad9 IPv6,plan99.net,36.0,35,32,42,4.415880433163924,5,0
Quad9 IPv6,dnscrypt.info,35.0,35,32,39,3.082207001484488,5,0
Quad9 IPv6,dnspython.org,33.8,32,32,41,4.024922359499621,5,0
Quad9 IPv6,publicsuffix.org,33.6,33,32,36,1.51657508881031,5,0
Quad9 IPv6,openwrt.org,33.0,32,31,36,2.0,5,0
Quad9 IPv6,nlnetlabs.nl,33.2,33,32,35,1.0954451150103321,5,0
Quad9 IPv6,labnbook.com,32.4,33,24,38,5.128352561983234,5,0
Quad9 IPv6,archive.org,32.0,33,28,34,2.345207879911715,5,0
Quad9 IPv6,dl.acm.org,34.2,33,31,39,3.03315017762062,5,0
Quad9 IPv6,nvlpubs.nist.gov,34.4,36,30,37,3.2093613071762426,5,0
Quad9 IPv6,eprints.soton.ac.uk,33.0,33,32,34,0.7071067811865476,5,0
Quad9 IPv6,rsdn.org,32.4,32,30,35,2.073644135332772,5,0
Quad9 IPv6,dnscheck.tools,35.2,33,31,45,5.585696017507576,5,0
Quad9 IPv6,dnsleaktest.com,335.8,34,31,1547,677.0824912815277,5,0
Quad9 IPv6,checkmydns.net,32.2,32,31,33,0.8366600265340756,5,0
Quad9 IPv6,ipinfo.io,32.0,32,30,35,2.1213203435596424,5,0
Quad9 IPv6,whatismyip.akamai.com,34.4,34,32,38,2.3021728866442674,5,0
Quad9 IPv6,trace.test,35.6,34,33,40,2.8809720581775866,5,0
Quad9 IPv6,cloudping.info,33.0,33,31,36,1.8708286933869707,5,0
Quad9 IPv6,speed.cloudflare.com,32.6,33,31,34,1.140175425099138,5,0
Quad9 IPv6,bgp.he.net,33.4,33,32,36,1.51657508881031,5,0
Quad9 IPv6,ping.pe,43.2,36,32,76,18.539147768977948,5,0
Quad9 IPv6,ping.eu,32.4,32,32,33,0.5477225575051661,5,0
Quad9 IPv6,root-servers.org,31.8,32,29,33,1.6431676725154984,5,0
Quad9 IPv6,a.root-servers.net,32.4,32,31,34,1.140175425099138,5,0
Quad9 IPv6,l.root-servers.net,31.8,32,30,34,1.4832396974191326,5,0
Quad9 IPv6,iana.com,30.4,32,24,32,3.5777087639996634,5,0
Quad9 IPv6,int,34.0,33,32,40,3.391164991562634,5,0
Quad9 IPv6,arpa,32.8,33,30,35,1.9235384061671346,5,0
Quad9 IPv6,whois.iana.org,131.2,34,33,520,217.34695765066508,5,0
Quad9 IPv6,tld-list.com,32.6,32,32,34,0.8944271909999159,5,0
Quad9 edns IPv4,google.com,40.8,38,35,53,7.328028384224504,5,0
Quad9 edns IPv4,youtube.com,40.4,40,34,51,6.58027355054484,5,0
Quad9 edns IPv4,facebook.com,38.6,41,33,43,5.176871642217914,5,0
Quad9 edns IPv4,amazon.com,34.6,35,31,38,3.507135583350036,5,0
Quad9 edns IPv4,wikipedia.org,298.4,304,240,354,40.92432039753379,5,0
Quad9 edns IPv4,apple.com,36.2,35,33,41,3.63318042491699,5,0
Quad9 edns IPv4,microsoft.com,38.2,40,33,44,4.604345773288535,5,0
Quad9 edns IPv4,instagram.com,38.6,40,33,44,4.505552130427524,5,0
Quad9 edns IPv4,linkedin.com,815.2,280,88,1781,825.5844596405627,5,0
Quad9 edns IPv4,bing.com,36.8,34,30,53,9.364827814754525,5,0
Quad9 edns IPv4,reddit.com,35.4,35,30,42,4.505552130427524,5,0
Quad9 edns IPv4,netflix.com,52.0,45,36,73,16.47725705328408,5,0
Quad9 edns IPv4,spotify.com,46.0,41,31,76,17.549928774784245,5,0
Quad9 edns IPv4,quora.com,38.8,37,32,52,7.726577508832743,5,0
Quad9 edns IPv4,twitch.tv,38.6,32,30,53,10.644247272588137,5,0
Quad9 edns IPv4,zoom.us,44.6,44,35,53,6.6558245169174945,5,0
Quad9 edns IPv4,nytimes.com,390.6,34,30,1810,793.5016068036662,5,0
Quad9 edns IPv4,bbc.com,138.8,39,33,529,218.35338330330492,5,0
Quad9 edns IPv4,espn.com,123.0,54,36,339,127.8612529267565,5,0
Quad9 edns IPv4,whatsapp.com,47.2,36,34,92,25.113741258522197,5,0
Quad9 edns IPv4,twitter.com,45.6,37,35,80,19.32097306038182,5,0
Quad9 edns IPv4,tiktok.com,93.6,48,31,295,112.95043160608108,5,0
Quad9 edns IPv4,pinterest.com,44.6,42,37,55,8.44393273303382,5,0
Quad9 edns IPv4,ebay.com,56.4,47,37,107,28.614681546367066,5,0
Quad9 edns IPv4,imdb.com,39.0,39,32,52,8.18535277187245,5,0
Quad9 edns IPv4,cnn.com,347.8,33,31,1611,706.1509753586694,5,0
Quad9 edns IPv4,paypal.com,57.6,39,35,130,40.728368491752775,5,0
Quad9 edns IPv4,booking.com,90.4,44,34,283,107.80213355959148,5,0
Quad9 edns IPv4,weather.com,34.8,35,33,38,2.04939015319192,5,0
Quad9 edns IPv4,wordpress.com,43.2,37,32,62,12.275992831539126,5,0
Quad9 edns IPv4,airbnb.com,363.2,36,32,1666,728.3139432964331,5,0
Quad9 edns IPv4,tumblr.com,83.6,35,31,283,111.48004305704228,5,0
Quad9 edns IPv4,github.com,43.4,39,35,66,12.856904759700136,5,0
Quad9 edns IPv4,gitlab.com,79.0,40,35,236,87.91473141629905,5,0
Quad9 edns IPv4,stackoverflow.com,371.2,38,33,1710,748.4167956426419,5,0
Quad9 edns IPv4,docker.com,345.0,32,29,1599,701.0089157778237,5,0
Quad9 edns IPv4,pypi.org,48.8,37,32,93,25.14358765172544,5,0
Quad9 edns IPv4,files.pythonhosted.org,662.2,38,35,1656,857.8858898478281,5,0
Quad9 edns IPv4,npmjs.com,74.6,40,36,215,78.59262051872301,5,0
Quad9 edns IPv4,registry.npmjs.org,38.0,37,34,43,3.3166247903554,5,0
Quad9 edns IPv4,rubygems.org,36.2,38,31,42,4.604345773288535,5,0
Quad9 edns IPv4,repo.maven.apache.org,41.0,37,31,61,12.30853362509117,5,0
Quad9 edns IPv4,cran.r-project.org,37.8,35,31,53,8.927485648266257,5,0
Quad9 edns IPv4,bitbucket.org,39.0,37,36,47,4.636809247747852,5,0
Quad9 edns IPv4,sourceforge.net,92.0,48,36,280,105.30906893520614,5,0
Quad9 edns IPv4,dev.to,65.8,37,35,177,62.26315122124803,5,0
Quad9 edns IPv4,jetbrains.com,42.2,37,34,59,10.802777420645118,5,0
Quad9 edns IPv4,readthedocs.io,35.0,34,33,39,2.5495097567963922,5,0
Quad9 edns IPv4,godoc.org,35.8,36,32,41,3.5637059362410923,5,0
Quad9 edns IPv4,anaconda.org,37.8,35,33,51,7.463243262818116,5,0
Quad9 edns IPv4,registry.terraform.io,50.6,40,36,96,25.471552759892752,5,0
Quad9 edns IPv4,grafana.com,87.0,33,30,279,108.15498139244443,5,0
Quad9 edns IPv4,prometheus.io,38.4,37,36,45,3.714835124201342,5,0
Quad9 edns IPv4,circleci.com,167.8,178,36,297,125.4958166633454,5,0
Quad9 edns IPv4,travis-ci.com,91.6,43,35,293,112.80425523888715,5,0
Quad9 edns IPv4,cloudflare.com,35.2,35,32,38,2.3874672772626644,5,0
Quad9 edns IPv4,cdn.cloudflare.net,36.2,35,31,46,5.805170109479997,5,0
Quad9 edns IPv4,one.one.one.one,145.0,40,34,556,229.94564575133836,5,0
Quad9 edns IPv4,dns.google,32.8,33,31,36,2.04939015319192,5,0
Quad9 edns IPv4,cloudfront.net,37.2,35,31,47,6.418722614352485,5,0
Quad9 edns IPv4,fastly.net,34.4,35,31,36,1.949358868961793,5,0
Quad9 edns IPv4,akamai.net,36.4,33,31,49,7.26636084983398,5,0
Quad9 edns IPv4,edgesuite.net,36.0,36,33,39,3.0,5,0
Quad9 edns IPv4,opendns.com,35.8,36,30,42,4.604345773288535,5,0
Quad9 edns IPv4,quad9.net,101.4,42,37,339,132.88077362809113,5,0
Quad9 edns IPv4,adguard.com,65.4,40,37,171,59.070297104382334,5,0
Quad9 edns IPv4,nextdns.io,46.8,41,36,75,16.161683080669537,5,0
Quad9 edns IPv4,cleanbrowsing.org,73.6,35,30,230,87.55740973784,5,0
Quad9 edns IPv4,verisign.com,36.4,34,33,44,4.505552130427524,5,0
Quad9 edns IPv4,resolver.arpa,34.0,33,31,40,3.5355339059327378,5,0
Quad9 edns IPv4,ultradns.com,62.4,37,31,167,58.73499808461732,5,0
Quad9 edns IPv4,nsone.net,73.0,40,35,207,75.09660445053424,5,0
Quad9 edns IPv4,level3.com,98.4,37,33,348,139.55751502516802,5,0
Quad9 edns IPv4,resolv.conf,37.8,35,30,51,8.228000972289685,5,0
Quad9 edns IPv4,akamaihd.net,33.8,32,30,43,5.263078946776307,5,0
Quad9 edns IPv4,akamai.com,389.8,42,31,1786,780.536482171077,5,0
Quad9 edns IPv4,edgekey.net,36.6,36,32,46,5.549774770204643,5,0
Quad9 edns IPv4,dns.adguard-dns.com,51.4,38,33,111,33.4708828685471,5,0
Quad9 edns IPv4,cachefly.net,48.0,33,31,110,34.677081768799404,5,0
Quad9 edns IPv4,stackpathdns.com,347.6,33,30,1609,705.1466514137326,5,0
Quad9 edns IPv4,zenedge.net,46.6,37,31,95,27.2910241654651,5,0
Quad9 edns IPv4,he.net,394.8,31,31,1848,812.3639578415576,5,0
Quad9 edns IPv4,baidu.com,95.4,33,30,349,141.77200005642862,5,0
Quad9 edns IPv4,yandex.ru,37.2,32,32,52,8.67179335547152,5,0
Quad9 edns IPv4,naver.com,62.4,38,32,166,58.0801170797718,5,0
Quad9 edns IPv4,jio.com,38.4,38,31,49,7.436396977031283,5,0
Quad9 edns IPv4,nic.in,37.6,36,32,47,6.107372593840988,5,0
Quad9 edns IPv4,gov.uk,36.6,33,30,55,10.358571330062848,5,0
Quad9 edns IPv4,zone.ug,157.8,45,28,619,258.028486799423,5,0
Quad9 edns IPv4,nic.coop,60.2,33,29,167,59.87653964617528,5,0
Quad9 edns IPv4,cern.ch,89.4,32,30,308,122.37565117293555,5,0
Quad9 edns IPv4,nic.cl,134.2,43,31,490,199.54372954317557,5,0
Quad9 edns IPv4,nic.br,59.2,34,29,164,58.65748034138527,5,0
Quad9 edns IPv4,nic.cn,87.2,47,33,231,82.25691460296818,5,0
Quad9 edns IPv4,nic.ru,132.8,34,32,520,216.51489556148326,5,0
Quad9 edns IPv4,nic.af,125.8,34,31,454,184.47411742572453,5,0
Quad9 edns IPv4,nic.ng,143.0,51,32,547,226.06525606558827,5,0
Quad9 edns IPv4,sina.com.cn,207.8,173,164,318,65.23572640815767,5,0
Quad9 edns IPv4,mail.ru,95.8,34,30,338,135.496125405858,5,0
Quad9 edns IPv4,globo.com,99.2,33,31,359,145.27284674019435,5,0
Quad9 edns IPv4,sapo.pt,177.2,32,30,749,319.6962620988866,5,0
Quad9 edns IPv4,or.kr,357.0,34,25,1657,726.7341329537234,5,0
Quad9 edns IPv4,nic.or.kr,57.6,34,31,152,52.81382394790212,5,0
Quad9 edns IPv4,telstra.com.au,84.4,33,31,291,115.50238092784062,5,0
Quad9 edns IPv4,rogers.com,58.0,38,33,144,48.130032204435516,5,0
Quad9 edns IPv4,ntt.com,142.0,32,31,569,238.7969849055888,5,0
Quad9 edns IPv4,bell.ca,34.4,33,30,42,4.61519230368573,5,0
Quad9 edns IPv4,kpn.com,219.6,37,32,959,413.3434407366349,5,0
Quad9 edns IPv4,proximus.be,72.8,40,32,202,72.69938101524662,5,0
Quad9 edns IPv4,example.net,140.6,34,31,572,241.1665399677161,5,0
Quad9 edns IPv4,example.edu,227.4,33,31,963,411.6956400060608,5,0
Quad9 edns IPv4,iana.org,73.6,43,32,208,75.28147182408165,5,0
Quad9 edns IPv4,blackhole.webpagetest.org,122.6,37,29,439,177.88844819155628,5,0
Quad9 edns IPv4,test-ipv6.com,112.0,38,32,410,166.6433316997713,5,0
Quad9 edns IPv4,test.openresolver.com,59.4,36,31,161,56.835728199786445,5,0
Quad9 edns IPv4,whoami.akamai.net,34.4,33,26,49,8.648699324175862,5,0
Quad9 edns IPv4,myip.opendns.com,38.0,33,31,54,9.848857801796104,5,0
Quad9 edns IPv4,root-servers.net,60.0,32,31,173,63.17436188834834,5,0
Quad9 edns IPv4,ip6.nl,92.2,37,32,310,121.94137935910025,5,0
Quad9 edns IPv4,openstreetmap.fr,79.8,34,28,248,94.92734063482449,5,0
Quad9 edns IPv4,torproject.org,182.4,64,33,714,297.5790651238759,5,0
Quad9 edns IPv4,xip.io,403.6,55,33,1802,781.8707054238572,5,0
Quad9 edns IPv4,plan99.net,103.2,92,32,207,76.2869582563101,5,0
Quad9 edns IPv4,dnscrypt.info,144.6,35,31,511,207.83479015795214,5,0
Quad9 edns IPv4,dnspython.org,56.2,37,26,147,51.006862283422215,5,0
Quad9 edns IPv4,publicsuffix.org,49.6,37,32,105,31.045128442317644,5,0
Quad9 edns IPv4,openwrt.org,47.8,38,31,68,17.31184565550421,5,0
Quad9 edns IPv4,nlnetlabs.nl,124.2,33,31,483,200.63698562328932,5,0
Quad9 edns IPv4,labnbook.com,85.4,33,30,288,113.36357439671704,5,0
Quad9 edns IPv4,archive.org,148.0,36,35,562,231.97736958591457,5,0
Quad9 edns IPv4,dl.acm.org,48.0,38,36,82,19.50640920313116,5,0
Quad9 edns IPv4,nvlpubs.nist.gov,83.8,42,34,209,73.85594085786194,5,0
Quad9 edns IPv4,eprints.soton.ac.uk,162.4,36,33,646,270.601736875431,5,0
Quad9 edns IPv4,rsdn.org,146.6,53,30,550,225.74831117862212,5,0
Quad9 edns IPv4,dnscheck.tools,354.4,58,39,1552,669.6859711835093,5,0
Quad9 edns IPv4,dnsleaktest.com,155.8,46,30,600,248.81559436659109,5,0
Quad9 edns IPv4,checkmydns.net,93.2,32,31,312,122.94185617599891,5,0
Quad9 edns IPv4,ipinfo.io,63.0,64,35,93,21.224985276791124,5,0
Quad9 edns IPv4,whatismyip.akamai.com,52.8,64,32,70,18.673510650116114,5,0
Quad9 edns IPv4,trace.test,40.2,35,33,62,12.357184145265458,5,0
Quad9 edns IPv4,cloudping.info,40.4,36,36,53,7.368853370776216,5,0
Quad9 edns IPv4,speed.cloudflare.com,47.6,39,36,83,19.907285098676816,5,0
Quad9 edns IPv4,bgp.he.net,74.2,63,36,162,51.84785434326092,5,0
Quad9 edns IPv4,ping.pe,51.6,38,33,83,22.176564206386885,5,0
Quad9 edns IPv4,ping.eu,108.8,41,32,359,141.10173634650994,5,0
Quad9 edns IPv4,root-servers.org,167.8,45,32,653,271.81740194476146,5,0
Quad9 edns IPv4,a.root-servers.net,45.4,40,30,78,19.256167843057455,5,0
Quad9 edns IPv4,l.root-servers.net,44.8,40,26,69,16.63430190900718,5,0
Quad9 edns IPv4,iana.com,183.8,52,31,720,300.1636220463766,5,0
Quad9 edns IPv4,int,47.6,38,30,84,22.187834504520715,5,0
Quad9 edns IPv4,arpa,39.8,36,32,60,11.41052146047673,5,0
Quad9 edns IPv4,whois.iana.org,198.2,229,27,387,150.69571991267702,5,0
Quad9 edns IPv4,tld-list.com,78.4,44,34,207,72.87866628856486,5,0
Quad9 edns IPv6,google.com,54.8,39,34,87,24.37621791829077,5,0
Quad9 edns IPv6,youtube.com,37.6,35,34,45,4.560701700396552,5,0
Quad9 edns IPv6,facebook.com,38.4,37,35,46,4.39317652729776,5,0
Quad9 edns IPv6,amazon.com,40.6,36,34,53,8.532291603080617,5,0
Quad9 edns IPv6,wikipedia.org,311.6,313,230,395,65.80121579423894,5,0
Quad9 edns IPv6,apple.com,54.2,49,33,82,19.46021582614129,5,0
Quad9 edns IPv6,microsoft.com,53.2,36,32,96,28.43765109849968,5,0
Quad9 edns IPv6,instagram.com,45.0,40,34,74,16.46207763315433,5,0
Quad9 edns IPv6,linkedin.com,64.2,44,41,120,34.091054545144246,5,0
Quad9 edns IPv6,bing.com,59.0,72,33,81,22.66053838724932,5,0
Quad9 edns IPv6,reddit.com,39.8,36,32,62,12.617448236470004,5,0
Quad9 edns IPv6,netflix.com,43.4,44,35,54,8.049844718999243,5,0
Quad9 edns IPv6,spotify.com,42.2,33,33,73,17.412639087743134,5,0
Quad9 edns IPv6,quora.com,50.4,42,32,84,21.23205124334434,5,0
Quad9 edns IPv6,twitch.tv,52.8,50,32,77,19.40876090841453,5,0
Quad9 edns IPv6,zoom.us,49.4,38,33,90,23.596609926004202,5,0
Quad9 edns IPv6,nytimes.com,38.0,35,32,49,6.819090848492928,5,0
Quad9 edns IPv6,bbc.com,51.4,34,32,101,29.61925049693189,5,0
Quad9 edns IPv6,espn.com,47.8,40,35,87,22.01590334281108,5,0
Quad9 edns IPv6,whatsapp.com,36.6,37,35,39,1.6733200530681511,5,0
Quad9 edns IPv6,twitter.com,54.2,62,32,72,18.005554698481244,5,0
Quad9 edns IPv6,tiktok.com,59.2,61,33,84,18.11629101113139,5,0
Quad9 edns IPv6,pinterest.com,61.4,69,35,87,24.5010203869145,5,0
Quad9 edns IPv6,ebay.com,47.6,38,33,78,18.66279721799495,5,0
Quad9 edns IPv6,imdb.com,53.2,53,29,75,19.266551326067674,5,0
Quad9 edns IPv6,cnn.com,48.0,47,32,69,16.15549442140351,5,0
Quad9 edns IPv6,paypal.com,61.4,76,33,84,25.628109567426154,5,0
Quad9 edns IPv6,booking.com,45.4,42,36,61,9.555103348473004,5,0
Quad9 edns IPv6,weather.com,33.8,32,32,39,3.03315017762062,5,0
Quad9 edns IPv6,wordpress.com,42.0,35,32,69,15.636495771111889,5,0
Quad9 edns IPv6,airbnb.com,40.6,33,32,73,18.1190507477627,5,0
Quad9 edns IPv6,tumblr.com,47.6,41,32,75,16.592166826548002,5,0
Quad9 edns IPv6,github.com,68.6,69,44,84,15.436968614336172,5,0
Quad9 edns IPv6,gitlab.com,73.8,40,36,186,64.15761840966356,5,0
Quad9 edns IPv6,stackoverflow.com,69.8,74,34,118,34.874059127093304,5,0
Quad9 edns IPv6,docker.com,69.2,35,29,203,75.02133030012197,5,0
Quad9 edns IPv6,pypi.org,52.8,66,31,69,19.485892332659542,5,0
Quad9 edns IPv6,files.pythonhosted.org,350.2,45,38,1549,670.3563977467509,5,0
Quad9 edns IPv6,npmjs.com,47.6,38,37,71,15.15915564930976,5,0
Quad9 edns IPv6,registry.npmjs.org,36.8,35,33,45,4.711687595755898,5,0
Quad9 edns IPv6,rubygems.org,45.4,37,32,74,17.458522274236156,5,0
Quad9 edns IPv6,repo.maven.apache.org,71.8,34,32,225,85.64870109931616,5,0
Quad9 edns IPv6,cran.r-project.org,209.6,34,28,917,395.4583416745688,5,0
Quad9 edns IPv6,bitbucket.org,45.8,42,35,68,12.949903474543738,5,0
Quad9 edns IPv6,sourceforge.net,155.8,75,36,335,146.40252730059,5,0
Quad9 edns IPv6,dev.to,48.2,37,32,101,29.592228709578468,5,0
Quad9 edns IPv6,jetbrains.com,75.8,42,38,215,77.86334182399314,5,0
Quad9 edns IPv6,readthedocs.io,62.0,35,35,162,56.00892785976178,5,0
Quad9 edns IPv6,godoc.org,34.0,33,31,40,3.5355339059327378,5,0
Quad9 edns IPv6,anaconda.org,36.4,36,34,38,1.6733200530681511,5,0
Quad9 edns IPv6,registry.terraform.io,100.6,44,36,289,107.92034099278968,5,0
Quad9 edns IPv6,grafana.com,33.8,33,32,38,2.3874672772626644,5,0
Quad9 edns IPv6,prometheus.io,41.8,41,37,52,5.974947698515862,5,0
Quad9 edns IPv6,circleci.com,481.2,254,35,1787,739.1821155845155,5,0
Quad9 edns IPv6,travis-ci.com,67.0,39,35,178,62.18922736294446,5,0
Quad9 edns IPv6,cloudflare.com,64.8,37,34,179,63.8529560787909,5,0
Quad9 edns IPv6,cdn.cloudflare.net,32.0,32,29,35,2.23606797749979,5,0
Quad9 edns IPv6,one.one.one.one,94.0,39,34,321,126.91335627111907,5,0
Quad9 edns IPv6,dns.google,34.8,34,32,41,3.7013511046643495,5,0
Quad9 edns IPv6,cloudfront.net,34.8,35,33,37,1.7888543819998317,5,0
Quad9 edns IPv6,fastly.net,36.6,33,32,49,7.231873892705818,5,0
Quad9 edns IPv6,akamai.net,33.8,34,32,36,1.4832396974191326,5,0
Quad9 edns IPv6,edgesuite.net,33.2,33,31,37,2.4899799195977463,5,0
Quad9 edns IPv6,opendns.com,35.4,33,31,46,6.024948132556827,5,0
Quad9 edns IPv6,quad9.net,34.6,34,32,37,1.949358868961793,5,0
Quad9 edns IPv6,adguard.com,37.4,36,36,42,2.6076809620810595,5,0
Quad9 edns IPv6,nextdns.io,39.2,39,37,42,2.280350850198276,5,0
Quad9 edns IPv6,cleanbrowsing.org,40.2,32,31,71,17.28293956478469,5,0
Quad9 edns IPv6,verisign.com,45.4,35,33,86,22.810085488660494,5,0
Quad9 edns IPv6,resolver.arpa,33.2,33,32,35,1.3038404810405297,5,0
Quad9 edns IPv6,ultradns.com,38.0,39,33,44,4.898979485566356,5,0
Quad9 edns IPv6,nsone.net,59.4,33,32,166,59.592784798161595,5,0
Quad9 edns IPv6,level3.com,81.8,35,33,269,104.6575367567955,5,0
Quad9 edns IPv6,resolv.conf,31.4,33,26,33,3.0495901363953815,5,0
Quad9 edns IPv6,akamaihd.net,33.6,34,29,36,2.701851217221259,5,0
Quad9 edns IPv6,akamai.com,39.6,37,29,63,13.520355024924456,5,0
Quad9 edns IPv6,edgekey.net,33.4,35,30,36,2.701851217221259,5,0
Quad9 edns IPv6,dns.adguard-dns.com,41.2,41,36,48,4.658325879540846,5,0
Quad9 edns IPv6,cachefly.net,44.0,33,32,85,23.0,5,0
Quad9 edns IPv6,stackpathdns.com,35.6,33,32,46,5.856620185738529,5,0
Quad9 edns IPv6,zenedge.net,61.8,33,32,179,65.51869962079529,5,0
Quad9 edns IPv6,he.net,86.2,37,33,283,110.09859217991846,5,0
Quad9 edns IPv6,baidu.com,157.6,34,32,651,275.82838867672774,5,0
Quad9 edns IPv6,yandex.ru,34.2,33,32,37,2.588435821108957,5,0
Quad9 edns IPv6,naver.com,64.6,33,31,189,69.57585788188314,5,0
Quad9 edns IPv6,jio.com,34.2,34,32,38,2.280350850198276,5,0
Quad9 edns IPv6,nic.in,32.4,32,28,39,4.159326868617084,5,0
Quad9 edns IPv6,gov.uk,33.6,33,33,35,0.8944271909999159,5,0
Quad9 edns IPv6,zone.ug,36.8,34,32,45,5.540758070878027,5,0
Quad9 edns IPv6,nic.coop,339.8,34,32,1565,684.9085340394,5,0
Quad9 edns IPv6,cern.ch,63.0,35,33,177,63.73774391990981,5,0
Quad9 edns IPv6,nic.cl,82.0,34,28,281,111.27668219353056,5,0
Quad9 edns IPv6,nic.br,93.6,33,32,334,134.39605648976462,5,0
Quad9 edns IPv6,nic.cn,69.8,35,30,214,80.64242059859066,5,0
Quad9 edns IPv6,nic.ru,141.0,33,32,567,238.16275947343237,5,0
Quad9 edns IPv6,nic.af,118.6,33,26,466,194.2325925276188,5,0
Quad9 edns IPv6,nic.ng,60.4,34,33,157,54.18763696637823,5,0
Quad9 edns IPv6,sina.com.cn,630.6,336,323,1831,671.0874011632166,5,0
Quad9 edns IPv6,mail.ru,95.0,35,32,333,133.1033433088741,5,0
Quad9 edns IPv6,globo.com,92.2,38,32,318,126.25846506274341,5,0
Quad9 edns IPv6,sapo.pt,85.8,37,33,286,111.93167558828019,5,0
Quad9 edns IPv6,or.kr,60.8,34,32,170,61.050798520576286,5,0
Quad9 edns IPv6,nic.or.kr,136.2,38,31,539,225.19480455818692,5,0
Quad9 edns IPv6,telstra.com.au,89.8,36,36,300,117.5253164216119,5,0
Quad9 edns IPv6,rogers.com,38.6,33,29,64,14.328293687665674,5,0
Quad9 edns IPv6,ntt.com,106.2,34,33,393,160.33932767727325,5,0
Quad9 edns IPv6,bell.ca,35.0,33,33,42,3.9370039370059056,5,0
Quad9 edns IPv6,kpn.com,150.4,37,32,598,250.34436282848472,5,0
Quad9 edns IPv6,proximus.be,71.2,37,33,214,79.85424221667876,5,0
Quad9 edns IPv6,example.net,135.4,34,32,542,227.30112186260763,5,0
Quad9 edns IPv6,example.edu,136.4,33,32,547,229.54585598524753,5,0
Quad9 edns IPv6,iana.org,34.8,34,33,38,2.16794833886788,5,0
Quad9 edns IPv6,blackhole.webpagetest.org,385.2,35,33,1782,780.8458234504427,5,0
Quad9 edns IPv6,test-ipv6.com,68.2,37,34,190,68.22536185319943,5,0
Quad9 edns IPv6,test.openresolver.com,34.0,33,30,41,4.636809247747852,5,0
Quad9 edns IPv6,whoami.akamai.net,35.4,35,31,39,3.2093613071762426,5,0
Quad9 edns IPv6,myip.opendns.com,38.8,38,32,49,6.685805860178712,5,0
Quad9 edns IPv6,root-servers.net,37.2,37,32,41,3.3466401061363023,5,0
Quad9 edns IPv6,ip6.nl,93.4,34,30,309,121.17054097428137,5,0
Quad9 edns IPv6,openstreetmap.fr,97.0,36,34,343,137.5281789307195,5,0
Quad9 edns IPv6,torproject.org,149.4,35,29,597,250.3663316023143,5,0
Quad9 edns IPv6,xip.io,62.2,42,36,154,51.42178526655799,5,0
Quad9 edns IPv6,plan99.net,37.4,38,31,44,5.813776741499453,5,0
Quad9 edns IPv6,dnscrypt.info,63.4,42,32,167,58.13174692025004,5,0
Quad9 edns IPv6,dnspython.org,35.4,34,32,39,3.361547262794322,5,0
Quad9 edns IPv6,publicsuffix.org,37.6,36,33,46,5.224940191045253,5,0
Quad9 edns IPv6,openwrt.org,36.6,37,33,42,3.7815340802378072,5,0
Quad9 edns IPv6,nlnetlabs.nl,165.6,36,34,672,283.17185594617274,5,0
Quad9 edns IPv6,labnbook.com,35.6,35,32,41,3.5777087639996634,5,0
Quad9 edns IPv6,archive.org,112.6,40,33,412,167.44640933743548,5,0
Quad9 edns IPv6,dl.acm.org,42.6,42,37,49,4.39317652729776,5,0
Quad9 edns IPv6,nvlpubs.nist.gov,38.8,39,35,46,4.494441010848846,5,0
Quad9 edns IPv6,eprints.soton.ac.uk,143.0,35,32,566,236.53435268476332,5,0
Quad9 edns IPv6,rsdn.org,112.6,37,35,417,170.17285329922632,5,0
Quad9 edns IPv6,dnscheck.tools,51.0,43,37,93,23.62202362203543,5,0
Quad9 edns IPv6,dnsleaktest.com,93.6,36,33,326,129.935753355264,5,0
Quad9 edns IPv6,checkmydns.net,133.8,34,32,520,216.00046296246683,5,0
Quad9 edns IPv6,ipinfo.io,35.4,34,32,44,4.878524367060187,5,0
Quad9 edns IPv6,whatismyip.akamai.com,33.2,34,28,38,3.63318042491699,5,0
Quad9 edns IPv6,trace.test,34.0,34,33,35,0.7071067811865476,5,0
Quad9 edns IPv6,cloudping.info,35.4,34,31,42,4.560701700396552,5,0
Quad9 edns IPv6,speed.cloudflare.com,44.4,42,38,51,5.412947441089743,5,0
Quad9 edns IPv6,bgp.he.net,75.0,34,32,240,92.24424101265076,5,0
Quad9 edns IPv6,ping.pe,46.8,44,37,67,11.819475453673906,5,0
Quad9 edns IPv6,ping.eu,84.6,33,32,290,114.83379293570339,5,0
Quad9 edns IPv6,root-servers.org,86.8,36,32,295,116.41176916446206,5,0
Quad9 edns IPv6,a.root-servers.net,35.8,34,32,42,3.898717737923586,5,0
Quad9 edns IPv6,l.root-servers.net,32.8,33,32,34,0.8366600265340756,5,0
Quad9 edns IPv6,iana.com,151.4,34,33,620,261.957630161826,5,0
Quad9 edns IPv6,int,33.8,33,33,36,1.3038404810405297,5,0
Quad9 edns IPv6,arpa,34.2,34,31,37,2.16794833886788,5,0
Quad9 edns IPv6,whois.iana.org,783.0,290,237,1737,718.5760224221234,5,0
Quad9 edns IPv6,tld-list.com,42.0,40,39,50,4.636809247747852,5,0
Gcore IPv4,google.com,58.0,32,30,163,58.73244418547554,5,0
Gcore IPv4,youtube.com,35.8,31,30,55,10.756393447619885,5,0
Gcore IPv4,facebook.com,31.8,32,31,33,0.8366600265340756,5,0
Gcore IPv4,amazon.com,42.0,31,29,88,25.739075352467502,5,0
Gcore IPv4,wikipedia.org,30.2,30,29,33,1.6431676725154984,5,0
Gcore IPv4,apple.com,32.6,31,29,38,4.159326868617084,5,0
Gcore IPv4,microsoft.com,31.8,31,30,36,2.4899799195977463,5,0
Gcore IPv4,instagram.com,30.8,30,30,32,1.0954451150103321,5,0
Gcore IPv4,linkedin.com,31.6,31,30,36,2.5099800796022267,5,0
Gcore IPv4,bing.com,30.0,30,29,32,1.224744871391589,5,0
Gcore IPv4,reddit.com,32.0,32,30,33,1.224744871391589,5,0
Gcore IPv4,netflix.com,31.8,30,30,35,2.4899799195977463,5,0
Gcore IPv4,spotify.com,31.6,31,30,34,1.816590212458495,5,0
Gcore IPv4,quora.com,37.0,34,30,51,8.215838362577491,5,0
Gcore IPv4,twitch.tv,31.4,31,28,38,3.9115214431215892,5,0
Gcore IPv4,zoom.us,38.4,31,30,63,14.152738250953417,5,0
Gcore IPv4,nytimes.com,33.0,33,29,37,3.5355339059327378,5,0
Gcore IPv4,bbc.com,33.8,34,29,40,4.207136793592526,5,0
Gcore IPv4,espn.com,32.2,31,30,37,2.9495762407505253,5,0
Gcore IPv4,whatsapp.com,32.0,32,27,39,4.415880433163924,5,0
Gcore IPv4,twitter.com,31.0,30,29,34,2.0,5,0
Gcore IPv4,tiktok.com,58.8,31,30,169,61.62548174253894,5,0
Gcore IPv4,pinterest.com,31.0,31,30,33,1.224744871391589,5,0
Gcore IPv4,ebay.com,61.2,30,30,182,67.55146186427056,5,0
Gcore IPv4,imdb.com,33.8,30,29,40,5.674504383644443,5,0
Gcore IPv4,cnn.com,34.6,31,29,51,9.235799911215054,5,0
Gcore IPv4,paypal.com,30.2,30,29,31,0.8366600265340756,5,0
Gcore IPv4,booking.com,32.8,30,29,39,4.43846820423443,5,0
Gcore IPv4,weather.com,30.0,30,29,31,1.0,5,0
Gcore IPv4,wordpress.com,31.2,31,29,35,2.4899799195977463,5,0
Gcore IPv4,airbnb.com,40.4,32,30,75,19.449935732541636,5,0
Gcore IPv4,tumblr.com,31.0,30,30,34,1.7320508075688772,5,0
Gcore IPv4,github.com,42.6,31,29,92,27.627884464793897,5,0
Gcore IPv4,gitlab.com,31.8,31,30,35,1.9235384061671346,5,0
Gcore IPv4,stackoverflow.com,32.6,31,30,39,3.7815340802378072,5,0
Gcore IPv4,docker.com,31.8,30,29,40,4.604345773288535,5,0
Gcore IPv4,pypi.org,32.2,33,30,34,1.6431676725154984,5,0
Gcore IPv4,files.pythonhosted.org,33.6,31,30,43,5.366563145999495,5,0
Gcore IPv4,npmjs.com,31.4,32,29,34,1.949358868961793,5,0
Gcore IPv4,registry.npmjs.org,32.4,32,30,36,2.6076809620810595,5,0
Gcore IPv4,rubygems.org,77.0,31,29,264,104.53946623165818,5,0
Gcore IPv4,repo.maven.apache.org,36.4,32,30,57,11.588787684654509,5,0
Gcore IPv4,cran.r-project.org,106.6,31,29,411,170.16844595870293,5,0
Gcore IPv4,bitbucket.org,36.4,30,29,63,14.876155417311288,5,0
Gcore IPv4,sourceforge.net,30.8,31,29,33,1.7888543819998317,5,0
Gcore IPv4,dev.to,30.0,30,29,31,0.7071067811865476,5,0
Gcore IPv4,jetbrains.com,32.0,30,29,41,5.049752469181039,5,0
Gcore IPv4,readthedocs.io,32.6,32,31,36,2.073644135332772,5,0
Gcore IPv4,godoc.org,30.8,31,30,32,0.8366600265340756,5,0
Gcore IPv4,anaconda.org,30.4,30,29,32,1.140175425099138,5,0
Gcore IPv4,registry.terraform.io,56.2,30,30,161,58.58498101049449,5,0
Gcore IPv4,grafana.com,31.0,30,29,36,2.8284271247461903,5,0
Gcore IPv4,prometheus.io,36.2,30,29,60,13.349157276772193,5,0
Gcore IPv4,circleci.com,34.6,30,30,52,9.736529155710468,5,0
Gcore IPv4,travis-ci.com,30.6,30,30,32,0.8944271909999159,5,0
Gcore IPv4,cloudflare.com,30.2,30,29,31,0.8366600265340756,5,0
Gcore IPv4,cdn.cloudflare.net,30.2,30,29,33,1.6431676725154984,5,0
Gcore IPv4,one.one.one.one,30.4,31,29,32,1.3416407864998738,5,0
Gcore IPv4,dns.google,99.6,30,29,379,156.1899484602002,5,0
Gcore IPv4,cloudfront.net,33.2,30,29,47,7.726577508832743,5,0
Gcore IPv4,fastly.net,31.6,31,29,35,2.4083189157584592,5,0
Gcore IPv4,akamai.net,57.0,30,30,163,59.262129560116215,5,0
Gcore IPv4,edgesuite.net,81.4,34,29,277,109.37687141256144,5,0
Gcore IPv4,opendns.com,31.6,32,30,33,1.140175425099138,5,0
Gcore IPv4,quad9.net,30.8,31,30,32,0.8366600265340756,5,0
Gcore IPv4,adguard.com,31.6,30,30,34,2.1908902300206643,5,0
Gcore IPv4,nextdns.io,32.4,32,30,37,2.8809720581775866,5,0
Gcore IPv4,cleanbrowsing.org,71.6,32,30,234,90.78986727603471,5,0
Gcore IPv4,verisign.com,77.8,30,29,268,106.33061647521846,5,0
Gcore IPv4,resolver.arpa,31.4,30,29,39,4.277849927241488,5,0
Gcore IPv4,ultradns.com,33.0,31,30,39,3.9370039370059056,5,0
Gcore IPv4,nsone.net,43.2,30,30,93,27.869337989984622,5,0
Gcore IPv4,level3.com,68.4,32,30,217,83.0800818487801,5,0
Gcore IPv4,resolv.conf,29.8,29,29,32,1.3038404810405297,5,0
Gcore IPv4,akamaihd.net,80.6,31,31,274,108.13556306784554,5,0
Gcore IPv4,akamai.com,30.6,30,29,33,1.51657508881031,5,0
Gcore IPv4,edgekey.net,33.0,31,30,41,4.527692569068709,5,0
Gcore IPv4,dns.adguard-dns.com,30.4,30,30,32,0.8944271909999159,5,0
Gcore IPv4,cachefly.net,32.6,31,30,38,3.2093613071762426,5,0
Gcore IPv4,stackpathdns.com,33.6,33,30,39,3.5777087639996634,5,0
Gcore IPv4,zenedge.net,31.0,31,30,32,1.0,5,0
Gcore IPv4,he.net,33.4,31,30,39,3.9115214431215892,5,0
Gcore IPv4,baidu.com,84.0,31,30,297,119.07350670909125,5,0
Gcore IPv4,yandex.ru,55.4,31,30,154,55.12531179050146,5,0
Gcore IPv4,naver.com,44.6,31,29,96,28.901557051480808,5,0
Gcore IPv4,jio.com,31.6,30,29,40,4.722287581247038,5,0
Gcore IPv4,nic.in,56.2,30,27,100,37.3255944359899,5,0
Gcore IPv4,gov.uk,30.2,30,29,32,1.3038404810405297,5,0
Gcore IPv4,zone.ug,89.0,30,29,326,132.48773528142144,5,0
Gcore IPv4,nic.coop,32.4,32,28,38,3.847076812334269,5,0
Gcore IPv4,cern.ch,63.8,30,30,197,74.4660996695812,5,0
Gcore IPv4,nic.cl,30.4,30,30,32,0.8944271909999159,5,0
Gcore IPv4,nic.br,31.2,31,29,33,1.4832396974191326,5,0
Gcore IPv4,nic.cn,81.2,31,29,283,112.81489263390716,5,0
Gcore IPv4,nic.ru,95.4,30,29,358,146.79850135474817,5,0
Gcore IPv4,nic.af,31.2,32,30,32,1.0954451150103321,5,0
Gcore IPv4,nic.ng,30.0,30,29,31,0.7071067811865476,5,0
Gcore IPv4,sina.com.cn,35.0,31,29,53,10.124228365658293,5,0
Gcore IPv4,mail.ru,26.8,30,14,30,7.155417527999327,5,0
Gcore IPv4,globo.com,31.4,32,29,33,1.816590212458495,5,0
Gcore IPv4,sapo.pt,139.8,30,30,579,245.5202639294769,5,0
Gcore IPv4,or.kr,55.0,30,30,154,55.344376408086845,5,0
Gcore IPv4,nic.or.kr,154.0,30,30,650,277.27242920997395,5,0
Gcore IPv4,telstra.com.au,32.4,31,29,38,3.4351128074635335,5,0
Gcore IPv4,rogers.com,83.0,32,30,279,109.66767983321249,5,0
Gcore IPv4,ntt.com,57.0,33,28,158,56.50663677834667,5,0
Gcore IPv4,bell.ca,76.2,30,30,260,102.74823599459019,5,0
Gcore IPv4,kpn.com,130.2,31,28,531,224.05735872762583,5,0
Gcore IPv4,proximus.be,73.4,30,30,247,97.04535022349087,5,0
Gcore IPv4,example.net,78.6,31,30,269,106.43918451397492,5,0
Gcore IPv4,example.edu,79.0,30,29,275,109.56961257575021,5,0
Gcore IPv4,iana.org,30.0,30,29,31,0.7071067811865476,5,0
Gcore IPv4,blackhole.webpagetest.org,29.8,30,29,30,0.4472135954999579,5,0
Gcore IPv4,test-ipv6.com,78.6,31,30,270,106.99672892196284,5,0
Gcore IPv4,test.openresolver.com,32.0,30,29,37,3.391164991562634,5,0
Gcore IPv4,whoami.akamai.net,56.6,32,29,157,56.172057110275034,5,0
Gcore IPv4,myip.opendns.com,30.4,30,29,32,1.140175425099138,5,0
Gcore IPv4,root-servers.net,30.8,30,29,33,1.6431676725154984,5,0
Gcore IPv4,ip6.nl,31.4,30,30,34,1.949358868961793,5,0
Gcore IPv4,openstreetmap.fr,30.6,30,30,32,0.8944271909999159,5,0
Gcore IPv4,torproject.org,75.8,31,29,256,100.74075639978092,5,0
Gcore IPv4,xip.io,75.6,30,29,258,101.96715157343564,5,0
Gcore IPv4,plan99.net,31.2,31,29,33,1.4832396974191326,5,0
Gcore IPv4,dnscrypt.info,30.4,30,30,31,0.5477225575051661,5,0
Gcore IPv4,dnspython.org,43.0,33,30,85,23.547823678633232,5,0
Gcore IPv4,publicsuffix.org,31.0,31,29,34,1.8708286933869707,5,0
Gcore IPv4,openwrt.org,31.2,31,30,34,1.6431676725154984,5,0
Gcore IPv4,nlnetlabs.nl,80.4,30,29,283,113.25987815638864,5,0
Gcore IPv4,labnbook.com,31.8,31,30,34,2.04939015319192,5,0
Gcore IPv4,archive.org,78.8,31,29,271,107.45324564665323,5,0
Gcore IPv4,dl.acm.org,32.2,30,29,40,4.494441010848846,5,0
Gcore IPv4,nvlpubs.nist.gov,34.4,33,30,43,5.029910535983717,5,0
Gcore IPv4,eprints.soton.ac.uk,30.2,30,29,31,0.8366600265340756,5,0
Gcore IPv4,rsdn.org,29.6,29,29,31,0.8944271909999159,5,0
Gcore IPv4,dnscheck.tools,31.4,31,30,35,2.073644135332772,5,0
Gcore IPv4,dnsleaktest.com,81.6,30,30,288,115.38110763898915,5,0
Gcore IPv4,checkmydns.net,30.0,29,29,32,1.4142135623730951,5,0
Gcore IPv4,ipinfo.io,31.4,31,30,34,1.6733200530681511,5,0
Gcore IPv4,whatismyip.akamai.com,36.6,30,29,57,12.0124934963562,5,0
Gcore IPv4,trace.test,31.2,30,29,37,3.3466401061363023,5,0
Gcore IPv4,cloudping.info,30.2,30,30,31,0.4472135954999579,5,0
Gcore IPv4,speed.cloudflare.com,31.6,32,30,33,1.51657508881031,5,0
Gcore IPv4,bgp.he.net,32.2,32,29,35,2.16794833886788,5,0
Gcore IPv4,ping.pe,34.2,32,30,43,5.263078946776307,5,0
Gcore IPv4,ping.eu,30.8,30,29,33,1.6431676725154984,5,0
Gcore IPv4,root-servers.org,30.6,30,30,32,0.8944271909999159,5,0
Gcore IPv4,a.root-servers.net,31.0,31,29,33,1.5811388300841898,5,0
Gcore IPv4,l.root-servers.net,31.2,30,29,36,2.9495762407505253,5,0
Gcore IPv4,iana.com,31.2,31,30,33,1.3038404810405297,5,0
Gcore IPv4,int,31.4,31,30,33,1.51657508881031,5,0
Gcore IPv4,arpa,30.0,30,30,30,0.0,5,0
Gcore IPv4,whois.iana.org,280.8,279,35,533,176.25039007049034,5,0
Gcore IPv4,tld-list.com,30.8,30,29,36,2.9495762407505253,5,0
Gcore IPv6,google.com,33.4,32,31,38,2.792848008753788,5,0
Gcore IPv6,youtube.com,34.6,34,32,38,2.4083189157584592,5,0
Gcore IPv6,facebook.com,31.2,31,28,34,2.16794833886788,5,0
Gcore IPv6,amazon.com,32.0,32,31,33,0.7071067811865476,5,0
Gcore IPv6,wikipedia.org,33.8,34,32,36,1.4832396974191326,5,0
Gcore IPv6,apple.com,32.2,32,31,33,0.8366600265340756,5,0
Gcore IPv6,microsoft.com,32.2,31,31,36,2.16794833886788,5,0
Gcore IPv6,instagram.com,33.2,33,31,36,1.9235384061671346,5,0
Gcore IPv6,linkedin.com,33.2,31,31,38,3.1937438845342623,5,0
Gcore IPv6,bing.com,31.6,32,31,32,0.5477225575051661,5,0
Gcore IPv6,reddit.com,36.4,33,29,49,7.733045971672482,5,0
Gcore IPv6,netflix.com,32.0,31,31,34,1.4142135623730951,5,0
Gcore IPv6,spotify.com,32.4,33,31,34,1.3416407864998738,5,0
Gcore IPv6,quora.com,32.0,32,31,34,1.224744871391589,5,0
Gcore IPv6,twitch.tv,31.8,31,31,33,1.0954451150103321,5,0
Gcore IPv6,zoom.us,36.6,32,32,54,9.736529155710468,5,0
Gcore IPv6,nytimes.com,32.8,33,31,35,1.7888543819998317,5,0
Gcore IPv6,bbc.com,39.2,34,31,63,13.442470011125188,5,0
Gcore IPv6,espn.com,38.0,33,31,58,11.335784048754634,5,0
Gcore IPv6,whatsapp.com,33.0,33,31,34,1.224744871391589,5,0
Gcore IPv6,twitter.com,41.8,33,31,79,20.861447696648476,5,0
Gcore IPv6,tiktok.com,31.6,32,31,32,0.5477225575051661,5,0
Gcore IPv6,pinterest.com,33.0,33,31,35,1.5811388300841898,5,0
Gcore IPv6,ebay.com,58.4,32,31,165,59.592784798161595,5,0
Gcore IPv6,imdb.com,31.8,31,31,34,1.3038404810405297,5,0
Gcore IPv6,cnn.com,32.2,32,31,33,0.8366600265340756,5,0
Gcore IPv6,paypal.com,33.2,32,31,38,2.9495762407505253,5,0
Gcore IPv6,booking.com,38.0,32,30,62,13.546217184144066,5,0
Gcore IPv6,weather.com,32.0,32,31,34,1.224744871391589,5,0
Gcore IPv6,wordpress.com,31.6,31,31,33,0.8944271909999159,5,0
Gcore IPv6,airbnb.com,31.2,31,31,32,0.4472135954999579,5,0
Gcore IPv6,tumblr.com,31.6,31,31,33,0.8944271909999159,5,0
Gcore IPv6,github.com,32.2,31,31,37,2.6832815729997477,5,0
Gcore IPv6,gitlab.com,33.8,34,32,37,2.04939015319192,5,0
Gcore IPv6,stackoverflow.com,58.4,32,32,164,59.03219460599445,5,0
Gcore IPv6,docker.com,33.6,34,31,37,2.3021728866442674,5,0
Gcore IPv6,pypi.org,31.6,31,31,33,0.8944271909999159,5,0
Gcore IPv6,files.pythonhosted.org,33.6,33,31,38,2.701851217221259,5,0
Gcore IPv6,npmjs.com,32.8,33,31,36,2.04939015319192,5,0
Gcore IPv6,registry.npmjs.org,33.0,33,30,37,2.7386127875258306,5,0
Gcore IPv6,rubygems.org,64.6,32,32,191,70.68097339454232,5,0
Gcore IPv6,repo.maven.apache.org,31.4,31,29,33,1.6733200530681511,5,0
Gcore IPv6,cran.r-project.org,105.6,33,31,398,163.46498095922564,5,0
Gcore IPv6,bitbucket.org,32.2,32,31,34,1.3038404810405297,5,0
Gcore IPv6,sourceforge.net,34.8,32,30,47,6.97853852894716,5,0
Gcore IPv6,dev.to,34.4,32,31,44,5.412947441089743,5,0
Gcore IPv6,jetbrains.com,36.6,32,31,56,10.85357084097211,5,0
Gcore IPv6,readthedocs.io,34.2,34,31,39,3.1144823004794873,5,0
Gcore IPv6,godoc.org,32.0,32,31,34,1.224744871391589,5,0
Gcore IPv6,anaconda.org,31.6,32,29,33,1.51657508881031,5,0
Gcore IPv6,registry.terraform.io,37.8,33,30,60,12.477980605851252,5,0
Gcore IPv6,grafana.com,32.0,32,31,34,1.224744871391589,5,0
Gcore IPv6,prometheus.io,32.2,33,30,34,1.6431676725154984,5,0
Gcore IPv6,circleci.com,39.4,36,31,52,8.848728722251575,5,0
Gcore IPv6,travis-ci.com,33.4,32,31,38,2.792848008753788,5,0
Gcore IPv6,cloudflare.com,33.2,32,31,36,2.588435821108957,5,0
Gcore IPv6,cdn.cloudflare.net,32.2,32,31,34,1.0954451150103321,5,0
Gcore IPv6,one.one.one.one,31.8,32,30,34,1.4832396974191326,5,0
Gcore IPv6,dns.google,32.6,32,31,35,1.51657508881031,5,0
Gcore IPv6,cloudfront.net,32.4,31,31,37,2.6076809620810595,5,0
Gcore IPv6,fastly.net,33.0,34,31,35,1.8708286933869707,5,0
Gcore IPv6,akamai.net,31.6,31,31,33,0.8944271909999159,5,0
Gcore IPv6,edgesuite.net,31.0,31,31,31,0.0,5,0
Gcore IPv6,opendns.com,31.6,31,31,33,0.8944271909999159,5,0
Gcore IPv6,quad9.net,32.6,32,31,35,1.51657508881031,5,0
Gcore IPv6,adguard.com,32.2,32,31,34,1.3038404810405297,5,0
Gcore IPv6,nextdns.io,33.8,33,32,37,2.16794833886788,5,0
Gcore IPv6,cleanbrowsing.org,32.0,31,31,35,1.7320508075688772,5,0
Gcore IPv6,verisign.com,30.6,31,30,31,0.5477225575051661,5,0
Gcore IPv6,resolver.arpa,31.6,32,31,32,0.5477225575051661,5,0
Gcore IPv6,ultradns.com,32.4,32,31,35,1.6733200530681511,5,0
Gcore IPv6,nsone.net,31.6,31,30,33,1.3416407864998738,5,0
Gcore IPv6,level3.com,31.4,31,29,34,1.816590212458495,5,0
Gcore IPv6,resolv.conf,32.2,32,32,33,0.4472135954999579,5,0
Gcore IPv6,akamaihd.net,31.6,31,31,33,0.8944271909999159,5,0
Gcore IPv6,akamai.com,37.0,32,31,58,11.74734012447073,5,0
Gcore IPv6,edgekey.net,31.8,32,31,33,0.8366600265340756,5,0
Gcore IPv6,dns.adguard-dns.com,31.8,32,31,33,0.8366600265340756,5,0
Gcore IPv6,cachefly.net,31.6,31,31,33,0.8944271909999159,5,0
Gcore IPv6,stackpathdns.com,33.8,34,31,37,2.16794833886788,5,0
Gcore IPv6,zenedge.net,32.4,32,31,34,1.51657508881031,5,0
Gcore IPv6,he.net,32.0,32,31,33,0.7071067811865476,5,0
Gcore IPv6,baidu.com,31.6,32,31,32,0.5477225575051661,5,0
Gcore IPv6,yandex.ru,31.4,31,31,32,0.5477225575051661,5,0
Gcore IPv6,naver.com,31.8,32,31,32,0.4472135954999579,5,0
Gcore IPv6,jio.com,32.6,32,31,35,1.816590212458495,5,0
Gcore IPv6,nic.in,31.6,31,30,34,1.51657508881031,5,0
Gcore IPv6,gov.uk,32.4,32,31,35,1.51657508881031,5,0
Gcore IPv6,zone.ug,32.0,32,30,34,1.5811388300841898,5,0
Gcore IPv6,nic.coop,31.8,31,30,34,1.6431676725154984,5,0
Gcore IPv6,cern.ch,31.0,31,31,31,0.0,5,0
Gcore IPv6,nic.cl,31.4,32,30,32,0.8944271909999159,5,0
Gcore IPv6,nic.br,33.0,32,32,37,2.23606797749979,5,0
Gcore IPv6,nic.cn,32.6,32,31,34,1.3416407864998738,5,0
Gcore IPv6,nic.ru,33.2,32,32,36,1.7888543819998317,5,0
Gcore IPv6,nic.af,31.8,32,31,32,0.4472135954999579,5,0
Gcore IPv6,nic.ng,32.0,32,31,34,1.224744871391589,5,0
Gcore IPv6,sina.com.cn,81.2,31,31,281,111.69243483781702,5,0
Gcore IPv6,mail.ru,31.6,31,31,33,0.8944271909999159,5,0
Gcore IPv6,globo.com,32.2,32,31,34,1.3038404810405297,5,0
Gcore IPv6,sapo.pt,32.0,31,31,34,1.4142135623730951,5,0
Gcore IPv6,or.kr,31.8,31,30,35,1.9235384061671346,5,0
Gcore IPv6,nic.or.kr,30.8,31,28,34,2.16794833886788,5,0
Gcore IPv6,telstra.com.au,32.0,33,30,33,1.4142135623730951,5,0
Gcore IPv6,rogers.com,32.8,33,30,36,2.16794833886788,5,0
Gcore IPv6,ntt.com,31.8,32,30,34,1.4832396974191326,5,0
Gcore IPv6,bell.ca,32.6,33,30,35,2.073644135332772,5,0
Gcore IPv6,kpn.com,31.0,31,29,34,1.8708286933869707,5,0
Gcore IPv6,proximus.be,33.2,33,30,38,3.1144823004794873,5,0
Gcore IPv6,example.net,31.6,31,30,34,1.51657508881031,5,0
Gcore IPv6,example.edu,31.8,32,31,33,0.8366600265340756,5,0
Gcore IPv6,iana.org,31.6,31,31,33,0.8944271909999159,5,0
Gcore IPv6,blackhole.webpagetest.org,32.4,32,31,34,1.140175425099138,5,0
Gcore IPv6,test-ipv6.com,31.4,32,30,32,0.8944271909999159,5,0
Gcore IPv6,test.openresolver.com,31.2,31,29,34,1.7888543819998317,5,0
Gcore IPv6,whoami.akamai.net,31.6,31,31,33,0.8944271909999159,5,0
Gcore IPv6,myip.opendns.com,31.6,31,31,33,0.8944271909999159,5,0
Gcore IPv6,root-servers.net,32.2,32,32,33,0.4472135954999579,5,0
Gcore IPv6,ip6.nl,31.4,31,31,33,0.8944271909999159,5,0
Gcore IPv6,openstreetmap.fr,32.2,32,31,34,1.3038404810405297,5,0
Gcore IPv6,torproject.org,31.6,32,31,32,0.5477225575051661,5,0
Gcore IPv6,xip.io,32.4,32,30,35,2.073644135332772,5,0
Gcore IPv6,plan99.net,33.2,33,31,37,2.280350850198276,5,0
Gcore IPv6,dnscrypt.info,31.2,31,29,33,1.4832396974191326,5,0
Gcore IPv6,dnspython.org,32.4,31,31,37,2.6076809620810595,5,0
Gcore IPv6,publicsuffix.org,32.2,32,30,34,1.4832396974191326,5,0
Gcore IPv6,openwrt.org,31.8,32,31,33,0.8366600265340756,5,0
Gcore IPv6,nlnetlabs.nl,32.4,32,31,34,1.140175425099138,5,0
Gcore IPv6,labnbook.com,31.4,31,31,32,0.5477225575051661,5,0
Gcore IPv6,archive.org,31.6,31,31,34,1.3416407864998738,5,0
Gcore IPv6,dl.acm.org,33.0,32,31,37,2.5495097567963922,5,0
Gcore IPv6,nvlpubs.nist.gov,32.6,32,30,38,3.1304951684997055,5,0
Gcore IPv6,eprints.soton.ac.uk,31.8,32,31,33,0.8366600265340756,5,0
Gcore IPv6,rsdn.org,30.8,31,30,31,0.4472135954999579,5,0
Gcore IPv6,dnscheck.tools,32.8,32,30,39,3.5637059362410923,5,0
Gcore IPv6,dnsleaktest.com,31.8,32,31,33,0.8366600265340756,5,0
Gcore IPv6,checkmydns.net,31.2,31,30,32,0.8366600265340756,5,0
Gcore IPv6,ipinfo.io,31.8,32,29,34,1.9235384061671346,5,0
Gcore IPv6,whatismyip.akamai.com,31.8,32,30,33,1.3038404810405297,5,0
Gcore IPv6,trace.test,31.6,32,30,33,1.140175425099138,5,0
Gcore IPv6,cloudping.info,31.6,32,30,33,1.140175425099138,5,0
Gcore IPv6,speed.cloudflare.com,31.8,32,30,34,1.4832396974191326,5,0
Gcore IPv6,bgp.he.net,33.0,31,30,41,4.636809247747852,5,0
Gcore IPv6,ping.pe,35.6,35,31,42,4.219004621945797,5,0
Gcore IPv6,ping.eu,31.8,31,30,36,2.3874672772626644,5,0
Gcore IPv6,root-servers.org,33.0,32,31,38,2.9154759474226504,5,0
Gcore IPv6,a.root-servers.net,34.8,34,31,39,4.024922359499621,5,0
Gcore IPv6,l.root-servers.net,32.2,32,31,34,1.3038404810405297,5,0
Gcore IPv6,iana.com,32.8,32,30,38,3.3466401061363023,5,0
Gcore IPv6,int,34.2,32,30,41,4.658325879540846,5,0
Gcore IPv6,arpa,35.6,35,32,40,3.7815340802378072,5,0
Gcore IPv6,whois.iana.org,237.0,284,36,291,112.40996397117117,5,0
Gcore IPv6,tld-list.com,31.8,32,31,33,0.8366600265340756,5,0
OpenDNS IPv4,google.com,65.4,81,31,94,30.8431515899397,5,0
OpenDNS IPv4,youtube.com,80.6,89,39,96,23.437149997386626,5,0
OpenDNS IPv4,facebook.com,36.8,31,30,61,13.535139452550904,5,0
OpenDNS IPv4,amazon.com,33.0,31,30,37,3.6742346141747673,5,0
OpenDNS IPv4,wikipedia.org,78.2,88,29,94,27.62607463973121,5,0
OpenDNS IPv4,apple.com,31.2,30,29,37,3.3466401061363023,5,0
OpenDNS IPv4,microsoft.com,34.4,35,29,39,3.9749213828703582,5,0
OpenDNS IPv4,instagram.com,48.6,54,23,62,15.043270920913443,5,0
OpenDNS IPv4,linkedin.com,36.4,35,29,48,7.300684899377592,5,0
OpenDNS IPv4,bing.com,34.4,36,29,39,4.61519230368573,5,0
OpenDNS IPv4,reddit.com,33.6,32,30,38,4.09878030638384,5,0
OpenDNS IPv4,netflix.com,44.8,40,33,61,12.11197754291181,5,0
OpenDNS IPv4,spotify.com,37.6,38,31,46,6.268971207462991,5,0
OpenDNS IPv4,quora.com,47.2,52,29,63,13.553597308463905,5,0
OpenDNS IPv4,twitch.tv,34.8,35,29,40,4.43846820423443,5,0
OpenDNS IPv4,zoom.us,42.4,37,29,60,14.638989036132243,5,0
OpenDNS IPv4,nytimes.com,51.4,57,38,65,12.177848742696716,5,0
OpenDNS IPv4,bbc.com,132.4,164,29,204,68.79171461738689,5,0
OpenDNS IPv4,espn.com,42.8,41,36,50,6.833739825307955,5,0
OpenDNS IPv4,whatsapp.com,34.4,37,29,38,4.505552130427524,5,0
OpenDNS IPv4,twitter.com,33.6,35,29,38,3.9115214431215892,5,0
OpenDNS IPv4,tiktok.com,46.4,39,32,64,14.943225890014512,5,0
OpenDNS IPv4,pinterest.com,30.2,29,28,34,2.3874672772626644,5,0
OpenDNS IPv4,ebay.com,38.6,34,27,63,14.223220451079284,5,0
OpenDNS IPv4,imdb.com,59.6,30,27,174,64.0882204465064,5,0
OpenDNS IPv4,cnn.com,37.4,34,30,54,9.989994994993742,5,0
OpenDNS IPv4,paypal.com,31.0,29,28,37,3.6742346141747673,5,0
OpenDNS IPv4,booking.com,39.0,40,31,51,8.093207028119323,5,0
OpenDNS IPv4,weather.com,32.0,31,30,37,2.9154759474226504,5,0
OpenDNS IPv4,wordpress.com,33.6,36,28,38,4.722287581247038,5,0
OpenDNS IPv4,airbnb.com,140.2,119,67,270,76.52907944043231,5,0
OpenDNS IPv4,tumblr.com,32.6,31,29,37,3.646916505762094,5,0
OpenDNS IPv4,github.com,63.8,62,49,93,17.59829537199555,5,0
OpenDNS IPv4,gitlab.com,32.0,32,29,36,2.7386127875258306,5,0
OpenDNS IPv4,stackoverflow.com,32.4,30,29,38,3.9115214431215892,5,0
OpenDNS IPv4,docker.com,30.6,29,29,36,3.0495901363953815,5,0
OpenDNS IPv4,pypi.org,31.6,30,29,39,4.219004621945797,5,0
OpenDNS IPv4,files.pythonhosted.org,34.4,33,30,44,5.504543577809154,5,0
OpenDNS IPv4,npmjs.com,36.0,36,29,42,5.612486080160912,5,0
OpenDNS IPv4,registry.npmjs.org,32.0,31,29,37,3.1622776601683795,5,0
OpenDNS IPv4,rubygems.org,51.8,33,27,135,46.590771618422465,5,0
OpenDNS IPv4,repo.maven.apache.org,29.6,29,27,33,2.1908902300206643,5,0
OpenDNS IPv4,cran.r-project.org,559.0,393,37,1427,558.6738762462409,5,0
OpenDNS IPv4,bitbucket.org,43.6,38,30,62,14.117365193264641,5,0
OpenDNS IPv4,sourceforge.net,76.4,86,32,93,25.02598649404255,5,0
OpenDNS IPv4,dev.to,33.6,34,29,38,4.03732584763727,5,0
OpenDNS IPv4,jetbrains.com,48.4,48,36,56,8.018728078691781,5,0
OpenDNS IPv4,readthedocs.io,34.0,32,28,42,6.2048368229954285,5,0
OpenDNS IPv4,godoc.org,54.2,36,30,134,44.690043633901276,5,0
OpenDNS IPv4,anaconda.org,35.8,36,30,43,4.868264577855234,5,0
OpenDNS IPv4,registry.terraform.io,45.0,37,34,67,14.300349646075091,5,0
OpenDNS IPv4,grafana.com,31.8,32,27,38,4.207136793592526,5,0
OpenDNS IPv4,prometheus.io,37.0,37,30,46,6.123724356957945,5,0
OpenDNS IPv4,circleci.com,46.8,49,35,55,8.613942186943211,5,0
OpenDNS IPv4,travis-ci.com,52.2,42,38,100,26.780589986032794,5,0
OpenDNS IPv4,cloudflare.com,31.4,30,29,38,3.7815340802378072,5,0
OpenDNS IPv4,cdn.cloudflare.net,32.8,33,30,35,1.9235384061671346,5,0
OpenDNS IPv4,one.one.one.one,30.8,30,29,36,2.9495762407505253,5,0
OpenDNS IPv4,dns.google,31.2,30,29,37,3.3466401061363023,5,0
OpenDNS IPv4,cloudfront.net,31.0,30,26,38,4.358898943540674,5,0
OpenDNS IPv4,fastly.net,31.2,29,29,37,3.492849839314596,5,0
OpenDNS IPv4,akamai.net,31.8,30,30,38,3.492849839314596,5,0
OpenDNS IPv4,edgesuite.net,58.4,63,29,74,17.34358671094304,5,0
OpenDNS IPv4,opendns.com,30.0,29,24,37,4.69041575982343,5,0
OpenDNS IPv4,quad9.net,31.8,30,29,37,3.5637059362410923,5,0
OpenDNS IPv4,adguard.com,35.4,36,28,44,5.813776741499453,5,0
OpenDNS IPv4,nextdns.io,40.6,40,34,50,5.8991524815010505,5,0
OpenDNS IPv4,cleanbrowsing.org,100.8,90,31,200,61.26744649485565,5,0
OpenDNS IPv4,verisign.com,43.4,30,29,96,29.44995755514768,5,0
OpenDNS IPv4,resolver.arpa,32.8,30,30,42,5.215361924162119,5,0
OpenDNS IPv4,ultradns.com,41.6,41,31,54,10.358571330062848,5,0
OpenDNS IPv4,nsone.net,55.2,58,29,68,15.22169504358828,5,0
OpenDNS IPv4,level3.com,239.0,265,36,530,193.64400326372103,5,0
OpenDNS IPv4,resolv.conf,29.2,29,29,30,0.4472135954999579,5,0
OpenDNS IPv4,akamaihd.net,31.6,30,29,39,4.159326868617084,5,0
OpenDNS IPv4,akamai.com,53.6,34,30,134,45.13092066421867,5,0
OpenDNS IPv4,edgekey.net,29.8,28,28,33,2.4899799195977463,5,0
OpenDNS IPv4,dns.adguard-dns.com,30.0,30,29,31,0.7071067811865476,5,0
OpenDNS IPv4,cachefly.net,30.4,30,29,33,1.51657508881031,5,0
OpenDNS IPv4,stackpathdns.com,49.2,38,35,98,27.30750812505601,5,0
OpenDNS IPv4,zenedge.net,29.8,30,29,31,0.8366600265340756,5,0
OpenDNS IPv4,he.net,30.4,30,29,33,1.51657508881031,5,0
OpenDNS IPv4,baidu.com,29.8,29,29,31,1.0954451150103321,5,0
OpenDNS IPv4,yandex.ru,29.8,30,29,31,0.8366600265340756,5,0
OpenDNS IPv4,naver.com,92.0,90,89,98,3.9370039370059056,5,0
OpenDNS IPv4,jio.com,29.6,30,28,31,1.140175425099138,5,0
OpenDNS IPv4,nic.in,56.8,63,30,65,15.023315213360865,5,0
OpenDNS IPv4,gov.uk,32.4,33,31,33,0.8944271909999159,5,0
OpenDNS IPv4,zone.ug,29.4,29,29,30,0.5477225575051661,5,0
OpenDNS IPv4,nic.coop,46.4,35,33,94,26.623298067669978,5,0
OpenDNS IPv4,cern.ch,162.6,157,30,258,86.32670502225832,5,0
OpenDNS IPv4,nic.cl,29.8,29,29,31,1.0954451150103321,5,0
OpenDNS IPv4,nic.br,30.0,30,29,31,1.0,5,0
OpenDNS IPv4,nic.cn,29.2,29,28,30,0.8366600265340756,5,0
OpenDNS IPv4,nic.ru,301.2,281,237,433,75.93549894482817,5,0
OpenDNS IPv4,nic.af,102.2,29,29,395,163.6801759529846,5,0
OpenDNS IPv4,nic.ng,29.2,29,29,30,0.4472135954999579,5,0
OpenDNS IPv4,sina.com.cn,204.8,266,31,299,111.23488661386769,5,0
OpenDNS IPv4,mail.ru,179.2,278,29,280,136.65906482923114,5,0
OpenDNS IPv4,globo.com,31.2,31,29,35,2.280350850198276,5,0
OpenDNS IPv4,sapo.pt,565.4,430,231,1046,364.9963013511233,5,0
OpenDNS IPv4,or.kr,138.0,170,29,279,107.6870465747854,5,0
OpenDNS IPv4,nic.or.kr,680.2,605,30,1539,542.0633726788778,5,0
OpenDNS IPv4,telstra.com.au,75.0,32,30,232,88.20997676000147,5,0
OpenDNS IPv4,rogers.com,67.0,32,29,152,54.23559716643673,5,0
OpenDNS IPv4,ntt.com,259.2,168,165,625,204.4998777505747,5,0
OpenDNS IPv4,bell.ca,185.6,286,30,293,142.06442200635598,5,0
OpenDNS IPv4,kpn.com,273.4,285,155,359,73.67699776728148,5,0
OpenDNS IPv4,proximus.be,259.2,164,153,659,223.5479814268069,5,0
OpenDNS IPv4,example.net,369.4,278,30,686,263.6490091011153,5,0
OpenDNS IPv4,example.edu,387.8,279,30,677,281.9728710354952,5,0
OpenDNS IPv4,iana.org,30.0,30,28,32,1.4142135623730951,5,0
OpenDNS IPv4,blackhole.webpagetest.org,29.4,29,28,32,1.51657508881031,5,0
OpenDNS IPv4,test-ipv6.com,243.8,253,163,284,46.9222761596238,5,0
OpenDNS IPv4,test.openresolver.com,56.2,30,30,161,58.58498101049449,5,0
OpenDNS IPv4,whoami.akamai.net,29.2,30,26,31,1.9235384061671346,5,0
OpenDNS IPv4,myip.opendns.com,29.6,29,29,31,0.8944271909999159,5,0
OpenDNS IPv4,root-servers.net,29.8,30,29,31,0.8366600265340756,5,0
OpenDNS IPv4,ip6.nl,29.6,30,29,30,0.5477225575051661,5,0
OpenDNS IPv4,openstreetmap.fr,110.8,31,29,431,179.00335192392347,5,0
OpenDNS IPv4,torproject.org,157.4,193,92,200,53.18176379173598,5,0
OpenDNS IPv4,xip.io,383.2,362,192,566,140.35561976636347,5,0
OpenDNS IPv4,plan99.net,29.6,30,29,30,0.5477225575051661,5,0
OpenDNS IPv4,dnscrypt.info,30.0,30,29,32,1.224744871391589,5,0
OpenDNS IPv4,dnspython.org,36.8,32,30,59,12.437845472588892,5,0
OpenDNS IPv4,publicsuffix.org,29.6,29,29,31,0.8944271909999159,5,0
OpenDNS IPv4,openwrt.org,29.6,30,29,30,0.5477225575051661,5,0
OpenDNS IPv4,nlnetlabs.nl,64.8,34,32,132,45.68041155681503,5,0
OpenDNS IPv4,labnbook.com,30.6,30,29,32,1.3416407864998738,5,0
OpenDNS IPv4,archive.org,29.8,30,29,30,0.4472135954999579,5,0
OpenDNS IPv4,dl.acm.org,34.8,35,30,38,3.1144823004794873,5,0
OpenDNS IPv4,nvlpubs.nist.gov,33.8,34,33,35,0.8366600265340756,5,0
OpenDNS IPv4,eprints.soton.ac.uk,319.2,30,29,1476,646.6712456882555,5,0
OpenDNS IPv4,rsdn.org,30.2,30,29,32,1.0954451150103321,5,0
OpenDNS IPv4,dnscheck.tools,40.6,41,37,44,2.701851217221259,5,0
OpenDNS IPv4,dnsleaktest.com,436.8,423,317,636,129.73704174213316,5,0
OpenDNS IPv4,checkmydns.net,29.6,30,29,30,0.5477225575051661,5,0
OpenDNS IPv4,ipinfo.io,29.4,29,29,30,0.5477225575051661,5,0
OpenDNS IPv4,whatismyip.akamai.com,47.8,43,32,77,18.322117781522966,5,0
OpenDNS IPv4,trace.test,29.6,30,29,30,0.5477225575051661,5,0
OpenDNS IPv4,cloudping.info,42.6,30,29,72,19.07354188398159,5,0
OpenDNS IPv4,speed.cloudflare.com,29.8,30,29,31,0.8366600265340756,5,0
OpenDNS IPv4,bgp.he.net,30.4,30,29,33,1.51657508881031,5,0
OpenDNS IPv4,ping.pe,38.4,39,30,44,5.128352561983234,5,0
OpenDNS IPv4,ping.eu,29.8,30,29,30,0.4472135954999579,5,0
OpenDNS IPv4,root-servers.org,29.2,29,28,30,0.8366600265340756,5,0
OpenDNS IPv4,a.root-servers.net,29.6,30,29,30,0.5477225575051661,5,0
OpenDNS IPv4,l.root-servers.net,30.0,30,29,32,1.224744871391589,5,0
OpenDNS IPv4,iana.com,253.6,30,30,1148,499.984799768953,5,0
OpenDNS IPv4,int,33.8,30,29,48,8.012490249604053,5,0
OpenDNS IPv4,arpa,30.0,29,29,33,1.7320508075688772,5,0
OpenDNS IPv4,whois.iana.org,405.0,283,272,880,266.045108957109,5,0
OpenDNS IPv4,tld-list.com,85.8,42,40,260,97.40739191663023,5,0
OpenDNS IPv6,google.com,45.8,35,35,88,23.594490882407275,5,0
OpenDNS IPv6,youtube.com,58.2,34,31,105,35.10982768399754,5,0
OpenDNS IPv6,facebook.com,32.4,32,31,34,1.140175425099138,5,0
OpenDNS IPv6,amazon.com,33.0,32,31,37,2.345207879911715,5,0
OpenDNS IPv6,wikipedia.org,55.8,31,31,94,33.96615962984335,5,0
OpenDNS IPv6,apple.com,31.8,31,31,34,1.3038404810405297,5,0
OpenDNS IPv6,microsoft.com,31.6,32,31,32,0.5477225575051661,5,0
OpenDNS IPv6,instagram.com,36.8,33,31,54,9.67987603226405,5,0
OpenDNS IPv6,linkedin.com,31.2,31,30,32,0.8366600265340756,5,0
OpenDNS IPv6,bing.com,31.4,31,31,32,0.5477225575051661,5,0
OpenDNS IPv6,reddit.com,39.8,34,33,50,8.87130204648675,5,0
OpenDNS IPv6,netflix.com,36.0,32,31,54,10.074720839804943,5,0
OpenDNS IPv6,spotify.com,33.6,33,32,37,2.073644135332772,5,0
OpenDNS IPv6,quora.com,39.6,33,30,55,11.193748255164577,5,0
OpenDNS IPv6,twitch.tv,40.4,31,31,76,19.91983935678197,5,0
OpenDNS IPv6,zoom.us,42.2,32,31,67,15.770225109363532,5,0
OpenDNS IPv6,nytimes.com,96.2,54,30,280,103.64458500085762,5,0
OpenDNS IPv6,bbc.com,65.8,40,31,156,52.2034481619749,5,0
OpenDNS IPv6,espn.com,44.8,41,34,57,9.121403400793104,5,0
OpenDNS IPv6,whatsapp.com,35.4,36,31,40,3.507135583350036,5,0
OpenDNS IPv6,twitter.com,33.0,31,30,41,4.527692569068709,5,0
OpenDNS IPv6,tiktok.com,109.0,73,32,274,101.24722218411723,5,0
OpenDNS IPv6,pinterest.com,33.6,32,30,42,4.774934554525329,5,0
OpenDNS IPv6,ebay.com,87.2,100,61,107,23.615672761960436,5,0
OpenDNS IPv6,imdb.com,32.0,32,30,34,1.5811388300841898,5,0
OpenDNS IPv6,cnn.com,37.2,34,32,49,6.97853852894716,5,0
OpenDNS IPv6,paypal.com,35.0,33,33,41,3.4641016151377544,5,0
OpenDNS IPv6,booking.com,47.8,50,35,57,9.57601169589929,5,0
OpenDNS IPv6,weather.com,39.0,38,31,57,10.653637876331258,5,0
OpenDNS IPv6,wordpress.com,35.6,32,30,47,7.092249290598858,5,0
OpenDNS IPv6,airbnb.com,70.0,64,59,97,15.556349186104045,5,0
OpenDNS IPv6,tumblr.com,31.4,31,30,33,1.140175425099138,5,0
OpenDNS IPv6,github.com,39.0,38,32,48,7.3484692283495345,5,0
OpenDNS IPv6,gitlab.com,35.6,35,31,40,4.277849927241488,5,0
OpenDNS IPv6,stackoverflow.com,32.8,32,31,38,2.9495762407505253,5,0
OpenDNS IPv6,docker.com,51.2,54,33,60,10.940749517286282,5,0
OpenDNS IPv6,pypi.org,36.6,32,30,57,11.458621208504974,5,0
OpenDNS IPv6,files.pythonhosted.org,36.2,36,32,40,3.7682887362833544,5,0
OpenDNS IPv6,npmjs.com,37.6,38,31,47,6.2289646009589745,5,0
OpenDNS IPv6,registry.npmjs.org,32.4,32,30,37,2.701851217221259,5,0
OpenDNS IPv6,rubygems.org,90.0,36,31,314,125.25773429213862,5,0
OpenDNS IPv6,repo.maven.apache.org,37.6,32,31,55,10.114346246792227,5,0
OpenDNS IPv6,cran.r-project.org,192.8,162,31,369,165.46056932091102,5,0
OpenDNS IPv6,bitbucket.org,37.4,35,29,52,9.181503144910424,5,0
OpenDNS IPv6,sourceforge.net,95.2,91,31,169,49.14468435141282,5,0
OpenDNS IPv6,dev.to,36.6,32,31,48,7.334848328356899,5,0
OpenDNS IPv6,jetbrains.com,42.2,38,33,56,10.256705123966467,5,0
OpenDNS IPv6,readthedocs.io,37.2,37,31,47,6.418722614352485,5,0
OpenDNS IPv6,godoc.org,67.0,37,35,133,44.96665431183423,5,0
OpenDNS IPv6,anaconda.org,32.6,31,31,36,2.3021728866442674,5,0
OpenDNS IPv6,registry.terraform.io,51.4,58,38,60,10.526157893552615,5,0
OpenDNS IPv6,grafana.com,31.2,31,30,33,1.0954451150103321,5,0
OpenDNS IPv6,prometheus.io,34.4,32,31,39,3.7815340802378072,5,0
OpenDNS IPv6,circleci.com,89.4,50,34,267,99.49773866777073,5,0
OpenDNS IPv6,travis-ci.com,68.2,39,32,189,67.62913573305518,5,0
OpenDNS IPv6,cloudflare.com,32.4,32,31,36,2.073644135332772,5,0
OpenDNS IPv6,cdn.cloudflare.net,31.8,31,30,35,2.16794833886788,5,0
OpenDNS IPv6,one.one.one.one,34.2,31,31,46,6.6105975524153635,5,0
OpenDNS IPv6,dns.google,31.4,31,31,32,0.5477225575051661,5,0
OpenDNS IPv6,cloudfront.net,45.0,50,29,56,12.68857754044952,5,0
OpenDNS IPv6,fastly.net,31.2,31,29,33,1.4832396974191326,5,0
OpenDNS IPv6,akamai.net,52.0,32,31,131,44.19275958796871,5,0
OpenDNS IPv6,edgesuite.net,51.0,63,31,65,17.378147196982766,5,0
OpenDNS IPv6,opendns.com,32.2,32,31,34,1.0954451150103321,5,0
OpenDNS IPv6,quad9.net,53.2,30,30,134,45.46647116282503,5,0
OpenDNS IPv6,adguard.com,48.4,37,30,97,27.45541840875859,5,0
OpenDNS IPv6,nextdns.io,45.2,43,36,58,8.87130204648675,5,0
OpenDNS IPv6,cleanbrowsing.org,104.0,94,31,194,58.51922760939348,5,0
OpenDNS IPv6,verisign.com,31.0,31,29,33,1.5811388300841898,5,0
OpenDNS IPv6,resolver.arpa,32.0,32,31,34,1.224744871391589,5,0
OpenDNS IPv6,ultradns.com,100.0,33,31,350,140.0428505850977,5,0
OpenDNS IPv6,nsone.net,105.8,92,60,192,54.61867812387993,5,0
OpenDNS IPv6,level3.com,307.4,276,211,419,100.43555147456502,5,0
OpenDNS IPv6,resolv.conf,31.8,31,31,34,1.3038404810405297,5,0
OpenDNS IPv6,akamaihd.net,106.2,32,31,404,166.47582407064397,5,0
OpenDNS IPv6,akamai.com,33.8,33,31,37,2.588435821108957,5,0
OpenDNS IPv6,edgekey.net,45.8,33,32,67,18.45806056984319,5,0
OpenDNS IPv6,dns.adguard-dns.com,33.2,33,31,38,2.8635642126552705,5,0
OpenDNS IPv6,cachefly.net,32.8,33,31,34,1.3038404810405297,5,0
OpenDNS IPv6,stackpathdns.com,95.6,41,30,269,100.4181258538517,5,0
OpenDNS IPv6,zenedge.net,31.4,32,30,32,0.8944271909999159,5,0
OpenDNS IPv6,he.net,31.6,31,31,34,1.3416407864998738,5,0
OpenDNS IPv6,baidu.com,30.4,31,28,32,1.51657508881031,5,0
OpenDNS IPv6,yandex.ru,34.8,32,30,49,7.981227975693966,5,0
OpenDNS IPv6,naver.com,67.6,91,31,93,33.41855771872868,5,0
OpenDNS IPv6,jio.com,31.2,31,30,32,0.8366600265340756,5,0
OpenDNS IPv6,nic.in,59.2,65,33,67,14.703741020570241,5,0
OpenDNS IPv6,gov.uk,79.2,70,35,134,46.515588784836424,5,0
OpenDNS IPv6,zone.ug,32.0,32,31,34,1.224744871391589,5,0
OpenDNS IPv6,nic.coop,46.6,37,31,92,25.50098037331114,5,0
OpenDNS IPv6,cern.ch,58.2,32,31,164,59.14980980527326,5,0
OpenDNS IPv6,nic.cl,31.6,33,29,33,1.949358868961793,5,0
OpenDNS IPv6,nic.br,91.2,32,30,331,134.05483952472585,5,0
OpenDNS IPv6,nic.cn,30.0,31,26,31,2.23606797749979,5,0
OpenDNS IPv6,nic.ru,239.4,250,31,337,124.19863123239321,5,0
OpenDNS IPv6,nic.af,31.0,31,30,32,0.7071067811865476,5,0
OpenDNS IPv6,nic.ng,31.6,31,30,34,1.51657508881031,5,0
OpenDNS IPv6,sina.com.cn,206.8,159,158,289,66.28876224519507,5,0
OpenDNS IPv6,mail.ru,204.6,277,31,380,162.49399988922667,5,0
OpenDNS IPv6,globo.com,31.4,32,29,33,1.51657508881031,5,0
OpenDNS IPv6,sapo.pt,206.2,31,30,699,290.19424529097745,5,0
OpenDNS IPv6,or.kr,81.2,32,31,158,68.29860906343555,5,0
OpenDNS IPv6,nic.or.kr,343.0,327,31,700,317.20734543827956,5,0
OpenDNS IPv6,telstra.com.au,31.4,31,31,32,0.5477225575051661,5,0
OpenDNS IPv6,rogers.com,32.4,32,31,34,1.140175425099138,5,0
OpenDNS IPv6,ntt.com,499.2,573,34,794,285.2379708243627,5,0
OpenDNS IPv6,bell.ca,31.2,31,30,32,0.8366600265340756,5,0
OpenDNS IPv6,kpn.com,204.0,271,33,285,110.53958566956908,5,0
OpenDNS IPv6,proximus.be,460.8,565,32,578,239.7888654629318,5,0
OpenDNS IPv6,example.net,545.4,475,271,935,265.67894158175204,5,0
OpenDNS IPv6,example.edu,450.8,582,31,932,403.59596132766245,5,0
OpenDNS IPv6,iana.org,31.4,31,31,32,0.5477225575051661,5,0
OpenDNS IPv6,blackhole.webpagetest.org,66.2,33,31,198,73.70006784257393,5,0
OpenDNS IPv6,test-ipv6.com,358.8,261,157,902,310.17124302552617,5,0
OpenDNS IPv6,test.openresolver.com,31.0,31,30,32,0.7071067811865476,5,0
OpenDNS IPv6,whoami.akamai.net,37.4,34,31,54,9.396807968666806,5,0
OpenDNS IPv6,myip.opendns.com,31.4,31,30,33,1.140175425099138,5,0
OpenDNS IPv6,root-servers.net,31.6,31,31,34,1.3416407864998738,5,0
OpenDNS IPv6,ip6.nl,31.0,31,31,31,0.0,5,0
OpenDNS IPv6,openstreetmap.fr,35.6,32,31,50,8.080841540334768,5,0
OpenDNS IPv6,torproject.org,142.8,97,32,295,103.13680235493051,5,0
OpenDNS IPv6,xip.io,167.8,136,32,337,111.80876530934415,5,0
OpenDNS IPv6,plan99.net,31.0,31,30,32,0.7071067811865476,5,0
OpenDNS IPv6,dnscrypt.info,31.6,32,31,32,0.5477225575051661,5,0
OpenDNS IPv6,dnspython.org,51.6,53,34,81,19.12589867169645,5,0
OpenDNS IPv6,publicsuffix.org,30.2,31,28,31,1.3038404810405297,5,0
OpenDNS IPv6,openwrt.org,32.0,31,31,35,1.7320508075688772,5,0
OpenDNS IPv6,nlnetlabs.nl,79.6,38,30,195,71.5283160713294,5,0
OpenDNS IPv6,labnbook.com,66.8,88,31,92,31.807231882073612,5,0
OpenDNS IPv6,archive.org,31.4,31,30,33,1.140175425099138,5,0
OpenDNS IPv6,dl.acm.org,40.0,41,36,42,2.5495097567963922,5,0
OpenDNS IPv6,nvlpubs.nist.gov,35.4,36,31,37,2.5099800796022267,5,0
OpenDNS IPv6,eprints.soton.ac.uk,267.8,33,30,1202,522.2592268213172,5,0
OpenDNS IPv6,rsdn.org,30.8,31,30,32,0.8366600265340756,5,0
OpenDNS IPv6,dnscheck.tools,54.0,40,36,108,30.528675044947494,5,0
OpenDNS IPv6,dnsleaktest.com,272.2,315,32,474,200.50735647352195,5,0
OpenDNS IPv6,checkmydns.net,168.2,31,30,717,306.7893414054667,5,0
OpenDNS IPv6,ipinfo.io,31.0,31,31,31,0.0,5,0
OpenDNS IPv6,whatismyip.akamai.com,42.2,36,32,66,14.11382301150188,5,0
OpenDNS IPv6,trace.test,32.4,31,30,37,3.0495901363953815,5,0
OpenDNS IPv6,cloudping.info,42.0,32,32,81,21.805962487356524,5,0
OpenDNS IPv6,speed.cloudflare.com,31.2,31,30,33,1.0954451150103321,5,0
OpenDNS IPv6,bgp.he.net,31.2,31,30,32,0.8366600265340756,5,0
OpenDNS IPv6,ping.pe,39.6,41,31,44,5.029910535983717,5,0
OpenDNS IPv6,ping.eu,171.6,32,31,558,228.86305949191538,5,0
OpenDNS IPv6,root-servers.org,31.6,31,31,33,0.8944271909999159,5,0
OpenDNS IPv6,a.root-servers.net,31.8,31,30,36,2.3874672772626644,5,0
OpenDNS IPv6,l.root-servers.net,33.8,32,30,44,5.761944116355173,5,0
OpenDNS IPv6,iana.com,285.8,31,30,1307,570.8683736203994,5,0
OpenDNS IPv6,int,39.6,33,33,52,9.20869154657707,5,0
OpenDNS IPv6,arpa,32.0,32,31,33,1.0,5,0
OpenDNS IPv6,whois.iana.org,320.2,319,272,366,33.64074909986399,5,0
OpenDNS IPv6,tld-list.com,120.6,50,40,285,109.05640742294787,5,0
